symbol,earning_date,expirt_date,time_difference,pre_earning_iv,post_earning_iv,iv_change,post_earning_vol
NVDA,2025-05-28,2025-07-18,51,0.49268085,0.42822838,-0.06445246999999998,0.26008483338528
NVDA,2025-05-28,2025-07-03,36,0.4918264,0.4107725,-0.08105390000000001,0.26008483338528
NVDA,2025-05-28,2025-06-27,30,0.50842774,0.40588972,-0.10253802000000001,0.26008483338528
NVDA,2025-05-28,2025-06-20,23,0.514043,0.3989318,-0.11511120000000002,0.268042443095982
NVDA,2025-05-28,2025-06-13,16,0.5544478,0.40064076,-0.15380704000000006,0.29032606142152634
NVDA,2025-05-28,2025-06-06,9,0.63245,0.39649042,-0.23595957999999995,0.3323574378706232
NVDA,2025-05-28,2025-05-30,2,0.9379889,0.35840484,-0.57958406,0.49213489324459214
MSFT,2025-04-30,2025-05-16,16,0.30927205,0.24494164,-0.06433041000000003,0.32907253932337494
MSFT,2025-04-30,2025-05-09,9,0.34955484,0.25147232,-0.09808251999999995,0.4098332463232997
MSFT,2025-04-30,2025-05-02,2,0.51050293,0.26245853,-0.2480444,0.576133222934776
AAPL,2025-05-01,2025-06-20,50,0.34265795,0.31122515,-0.03143279999999998,0.28419975470100617
AAPL,2025-05-01,2025-06-06,36,0.34778485,0.30640343,-0.04138142,0.3069367882106037
AAPL,2025-05-01,2025-05-30,29,0.39038697,0.3023141,-0.08807287000000003,0.33294431556735155
AAPL,2025-05-01,2025-05-23,22,0.36939108,0.3072579,-0.06213318000000001,0.3523724407130464
AAPL,2025-05-01,2025-05-16,15,0.38147593,0.30579308,-0.07568285000000002,0.3877886712718924
AAPL,2025-05-01,2025-05-09,8,0.44092357,0.30713582,-0.13378774999999998,0.29183786106495146
AAPL,2025-05-01,2025-05-02,1,0.68432933,0.4072325,-0.27709682999999996,0.470651197936387
AMZN,2025-05-01,2025-06-20,50,0.4042418,0.35272864,-0.05151316,0.3008364452740708
AMZN,2025-05-01,2025-06-06,36,0.4289608,0.34790692,-0.08105387999999997,0.325458080170862
AMZN,2025-05-01,2025-05-30,29,0.43945873,0.34351242,-0.09594631000000003,0.3480166484394996
AMZN,2025-05-01,2025-05-23,22,0.46771774,0.3545597,-0.11315804000000002,0.37702382440970306
AMZN,2025-05-01,2025-05-16,15,0.50244635,0.34180346,-0.16064289000000004,0.4267109389377392
AMZN,2025-05-01,2025-05-09,8,0.59839267,0.3298407,-0.26855197,0.2757028470402942
AMZN,2025-05-01,2025-05-02,1,1.0512743,0.12500875,-0.92626555,0.35939815008167497
META,2025-04-30,2025-05-16,16,0.5058643,0.37683728,-0.12902702000000005,0.45540192277210717
META,2025-04-30,2025-05-09,9,0.58417165,0.3820252,-0.20214645000000003,0.37135649850685537
META,2025-04-30,2025-05-02,2,0.8898326,0.39649042,-0.49334217999999996,0.4747012420364989
AVGO,2025-06-05,2025-07-18,43,0.5045826,0.40381455,-0.10076805,0.3524212771196654
AVGO,2025-06-05,2025-07-11,36,0.50098157,0.39319456,-0.10778700999999996,0.3524212771196654
AVGO,2025-06-05,2025-07-03,28,0.5248461,0.39600214,-0.12884395999999998,0.3524212771196654
AVGO,2025-06-05,2025-06-27,22,0.5305223,0.3883728,-0.14214949999999998,0.3524212771196654
AVGO,2025-06-05,2025-06-20,15,0.55890334,0.37940073,-0.17950260999999995,0.3584810571093703
AVGO,2025-06-05,2025-06-13,8,0.75451905,0.38770142,-0.36681762999999995,0.4370692930444744
AVGO,2025-06-05,2025-06-06,1,1.1267134,0.13965704,-0.9870563600000001,0.5263734841596756
TSLA,2025-04-22,2025-05-09,17,,0.64264274,,0.6164168836922597
WMT,2025-05-15,2025-06-27,43,0.32776552,0.23291783,-0.09484768999999998,0.16426747064938974
WMT,2025-05-15,2025-06-20,36,0.26587647,0.2378006,-0.028075869999999975,0.15689342239479528
WMT,2025-05-15,2025-06-13,29,0.27466545,0.2346268,-0.04003864999999998,0.15186828342377323
WMT,2025-05-15,2025-06-06,22,0.26905027,0.23181921,-0.03723105999999998,0.1580729271399289
WMT,2025-05-15,2025-05-30,15,0.25781992,0.22657023,-0.03124968999999997,0.1646734763927396
WMT,2025-05-15,2025-05-23,8,0.2788158,0.23584749,-0.04296831000000001,0.16583404716227418
WMT,2025-05-15,2025-05-16,1,0.32910827,0.29688203,-0.03222623999999996,0.273839561983613
V,2025-04-29,2025-05-16,17,0.30713582,0.1933064,-0.11382942000000001,0.10934668167608835
V,2025-04-29,2025-05-09,10,0.3524845,0.19495434,-0.15753015999999997,0.11878135398258842
V,2025-04-29,2025-05-02,3,0.47522497,0.18909502,-0.28612995,0.17347147796624604
LLY,2025-05-01,2025-06-20,50,0.376761,0.34313095,-0.03363005000000002,0.48290420148175683
LLY,2025-05-01,2025-06-06,36,0.42983052,0.35866424,-0.07116627999999997,0.5300734811262195
LLY,2025-05-01,2025-05-30,29,0.3388738,0.34320724,0.004333440000000022,0.5761018221254571
LLY,2025-05-01,2025-05-23,22,0.47076946,0.33115292,-0.13961653999999996,0.6188907329970887
LLY,2025-05-01,2025-05-16,15,0.45966116,0.3445195,-0.11514166000000003,0.7383334740251833
LLY,2025-05-01,2025-05-09,8,0.43616286,0.33325863,-0.10290422999999999,0.8166711693678964
LLY,2025-05-01,2025-05-02,1,0.47730014,0.34461105,-0.13268909,1.8018097968028974
ORCL,2025-06-11,2025-07-25,44,0.40027454,0.32782656,-0.07244798000000002,0.8429798680418101
ORCL,2025-06-11,2025-07-18,37,0.41119975,0.31653515,-0.09466459999999999,0.8429798680418101
ORCL,2025-06-11,2025-07-11,30,0.526555,0.33075622,-0.19579878,0.8429798680418101
ORCL,2025-06-11,2025-07-03,22,0.5542037,0.31085894,-0.24334476,0.8429798680418101
ORCL,2025-06-11,2025-06-27,16,0.5152636,0.3096993,-0.20556430000000003,0.8429798680418101
ORCL,2025-06-11,2025-06-20,9,0.6156044,0.32422552,-0.29137888000000006,0.9077846402345731
ORCL,2025-06-11,2025-06-13,2,1.0566454,0.40625593,-0.6503894700000001,1.049953027273926
MA,2025-05-01,2025-06-20,50,0.239418,0.24591818,0.006500179999999994,0.2495711570818139
MA,2025-05-01,2025-05-30,29,0.2533339,0.2346268,-0.018707100000000004,0.170899510280504
MA,2025-05-01,2025-05-23,22,0.25650766,0.21759816,-0.038909500000000014,0.17356558974068165
MA,2025-05-01,2025-05-16,15,0.27130857,0.22870645,-0.04260212000000002,0.15019871075798127
MA,2025-05-01,2025-05-09,8,0.24097438,0.19428296,-0.046691419999999983,0.1517706168097552
MA,2025-05-01,2025-05-02,1,0.34107104,0.1429529,-0.19811814,0.288339953905012
XOM,2025-05-02,2025-06-20,49,0.26087165,0.2570875,-0.003784149999999986,0.2104181698832437
XOM,2025-05-02,2025-06-06,35,0.30737996,0.3068917,-0.0004882600000000181,0.20326414230064796
XOM,2025-05-02,2025-05-30,28,0.2551344,0.2507399,-0.004394499999999968,0.18954457673507952
XOM,2025-05-02,2025-05-23,21,0.26306888,0.2570875,-0.005981379999999981,0.2034042683475055
XOM,2025-05-02,2025-05-16,14,0.2894358,0.275642,-0.013793800000000023,0.20869466502519643
XOM,2025-05-02,2025-05-09,7,0.33716482,0.32715517,-0.010009649999999981,0.2549769993255304
COST,2025-05-29,2025-07-18,50,0.27715263,0.24526207,-0.03189056000000001,0.24800934302609143
COST,2025-05-29,2025-06-27,29,0.24510948,0.24163051,-0.003478969999999998,0.24800934302609143
COST,2025-05-29,2025-06-20,22,0.29152626,0.22292341,-0.06860284999999999,0.23357697935975136
COST,2025-05-29,2025-06-13,15,0.3114693,0.22539532,-0.08607398,0.268721574216831
COST,2025-05-29,2025-06-06,8,0.3535221,0.22153488,-0.13198722000000002,0.34395825685408415
COST,2025-05-29,2025-05-30,1,0.50964844,0.1477136,-0.36193484,0.3933704504861161
HD,2025-05-20,2025-07-18,59,0.2222673,0.24033353,0.01806622999999999,0.17989364446798503
HD,2025-05-20,2025-06-27,38,0.22830972,0.23859404,0.010284320000000013,0.17989364446798503
HD,2025-05-20,2025-06-20,31,0.2272111,0.22229782,-0.004913279999999992,0.1626371578386536
HD,2025-05-20,2025-06-13,24,0.24774922,0.22888954,-0.01885967999999999,0.1724319277380919
HD,2025-05-20,2025-06-06,17,0.24567404,0.23114783,-0.014526210000000012,0.14360296268262726
HD,2025-05-20,2025-05-30,10,0.26404545,0.23999783,-0.02404762000000002,0.15960578911999168
HD,2025-05-20,2025-05-23,3,0.31897655,0.24353784,-0.07543871000000002,0.08390069431719627
PLTR,2025-05-05,2025-06-20,46,0.7999288,0.61194235,-0.18798645000000003,0.6444888525560838
PLTR,2025-05-05,2025-06-13,39,0.7697777,0.5986368,-0.17114090000000004,0.6762670774906175
PLTR,2025-05-05,2025-06-06,32,0.85608053,0.60400784,-0.25207269,0.7322221668765441
PLTR,2025-05-05,2025-05-30,25,0.97412133,0.59302163,-0.38109970000000004,0.7256305375870615
PLTR,2025-05-05,2025-05-23,18,1.0003712,0.604252,-0.3961192,0.7600248340812595
PLTR,2025-05-05,2025-05-16,11,1.0756882,0.5986368,-0.4770514000000001,0.9064328437851168
PLTR,2025-05-05,2025-05-09,4,1.5703146,0.5498092,-1.0205053999999998,1.1771848790308168
NVO,2025-05-07,2025-06-20,44,0.49756363,0.5231981,0.02563447000000002,0.4151712203195989
NVO,2025-05-07,2025-06-13,37,0.5131885,0.50830567,-0.004882830000000005,0.40558749488052714
NVO,2025-05-07,2025-06-06,30,0.5495651,0.5107471,-0.03881800000000002,0.4082042419979222
NVO,2025-05-07,2025-05-30,23,0.50415534,0.51294434,0.008789000000000047,0.4383603408583345
NVO,2025-05-07,2025-05-23,16,0.5258837,0.5356492,0.009765500000000094,0.4299428356196182
NVO,2025-05-07,2025-05-16,9,0.54248506,0.5991251,0.05664004,0.4609869048330044
NVO,2025-05-07,2025-05-09,2,0.48242706,0.5410202,0.05859313999999993,0.5260457074096134
KO,2025-04-29,2025-05-16,17,0.21070126,0.1840902,-0.026611059999999992,0.2149953906107208
KO,2025-04-29,2025-05-09,10,0.19922675,0.21826954,0.019042790000000004,0.16192016511399707
KO,2025-04-29,2025-05-02,3,0.22559369,0.20703918,-0.018554510000000024,0.1831572504762991
CSCO,2025-05-14,2025-06-27,44,0.37427384,0.26392338,-0.11035046000000004,0.21532750595578376
CSCO,2025-05-14,2025-06-20,37,0.28784892,0.24414818,-0.043700740000000016,0.21574834457383824
CSCO,2025-05-14,2025-06-13,30,0.30835652,0.20557435,-0.10278217000000003,0.2231293728862469
CSCO,2025-05-14,2025-06-06,23,0.4545953,0.25342545,-0.20116984999999998,0.22260758289569985
CSCO,2025-05-14,2025-05-30,16,0.37451798,0.2231523,-0.15136567999999997,0.2464524505547077
CSCO,2025-05-14,2025-05-23,9,0.44141182,0.22998817,-0.21142365000000002,0.2978343591304566
CSCO,2025-05-14,2025-05-16,2,0.6718783,0.24219508,-0.42968322000000003,0.5163169566964179
GE,2025-04-22,2025-05-09,17,,0.30225307,,0.24722399045229634
CRM,2025-05-28,2025-07-18,51,0.414282,0.31140825,-0.10287374999999999,0.25797645667918945
CRM,2025-05-28,2025-07-03,36,0.46271288,0.30805135,-0.15466153,0.25797645667918945
CRM,2025-05-28,2025-06-27,30,0.4648491,0.30939412,-0.15545498000000002,0.25797645667918945
CRM,2025-05-28,2025-06-20,23,0.5034229,0.31372756,-0.18969534,0.26026348359656876
CRM,2025-05-28,2025-06-13,16,0.52734846,0.32184517,-0.20550329,0.2725553890238557
CRM,2025-05-28,2025-06-06,9,0.6561314,0.32324895,-0.33288245000000005,0.2985007337331583
CRM,2025-05-28,2025-05-30,2,1.0241748,0.37451798,-0.6496568199999999,0.2620012274765602
BABA,2025-05-15,2025-06-27,43,0.41345802,0.36377588,-0.049682139999999986,0.3636383538553735
BABA,2025-05-15,2025-06-20,36,0.40430284,0.3775697,-0.02673313999999999,0.3705922595667691
BABA,2025-05-15,2025-06-13,29,0.41370216,0.39832145,-0.015380709999999964,0.38673724976807156
BABA,2025-05-15,2025-06-06,22,0.42383388,0.39502558,-0.02880830000000001,0.3947114051439372
BABA,2025-05-15,2025-05-30,15,0.41565526,0.37793592,-0.037719340000000046,0.39256703314819763
BABA,2025-05-15,2025-05-23,8,0.4372615,0.3784242,-0.05883730000000004,0.4794357901807098
BABA,2025-05-15,2025-05-16,1,0.43897045,0.16797706,-0.27099339,0.843898964462469
CVX,2025-05-02,2025-06-20,49,0.26087165,0.24256128,-0.01831037000000002,0.183120057398501
CVX,2025-05-02,2025-06-06,35,0.27429926,0.24317163,-0.03112762999999999,0.1926911200430379
CVX,2025-05-02,2025-05-30,28,0.27112547,0.24268335,-0.028442119999999987,0.18351629886506007
CVX,2025-05-02,2025-05-23,21,0.2800365,0.25122818,-0.02880832,0.1836325936362429
CVX,2025-05-02,2025-05-16,14,0.32593447,0.29566133,-0.030273139999999976,0.1844421890318868
CVX,2025-05-02,2025-05-09,7,0.36035797,0.29590547,-0.06445250000000002,0.2128318881281112
TM,2025-05-08,2025-06-20,43,0.3026803,0.28876445,-0.013915850000000007,0.29006048109774796
TM,2025-05-08,2025-05-16,8,0.44617254,0.29822478,-0.14794775999999998,0.4315307387093031
LIN,2025-05-01,2025-06-20,50,0.24839008,0.21860522,-0.029784860000000024,0.15115889911177885
LIN,2025-05-01,2025-05-16,15,0.2199785,0.2689282,0.04894970000000001,0.17394641604117583
DIS,2025-05-07,2025-06-20,44,0.29480687,0.28455305,-0.010253820000000025,0.3498750508731289
DIS,2025-05-07,2025-06-13,37,0.2973703,0.3606021,0.0632318,0.36787711253941274
DIS,2025-05-07,2025-06-06,30,0.2954172,0.31958687,0.024169670000000032,0.39803535055573885
DIS,2025-05-07,2025-05-30,23,0.28784892,0.29370824,0.005859320000000001,0.4462028165647569
DIS,2025-05-07,2025-05-23,16,0.3044503,0.28150132,-0.022948980000000008,0.4967583825826733
DIS,2025-05-07,2025-05-16,9,0.31348342,0.2824779,-0.03100552000000001,0.5421583418235475
DIS,2025-05-07,2025-05-09,2,0.28858134,0.23828886,-0.05029248000000003,0.7859345509285462
INTU,2025-05-22,2025-07-18,57,0.33576104,0.27963978,-0.056121260000000006,0.32455481517940654
INTU,2025-05-22,2025-06-27,36,0.36667505,0.22840127,-0.13827378,0.32455481517940654
INTU,2025-05-22,2025-06-20,29,0.3648745,0.27463493,-0.09023956999999999,0.3324570900055313
INTU,2025-05-22,2025-06-13,22,0.4362239,0.2770153,-0.15920859999999998,0.35818488681281857
INTU,2025-05-22,2025-06-06,15,0.41495335,0.27362788,-0.14132547,0.3938197845525736
INTU,2025-05-22,2025-05-30,8,0.5268602,0.29004616,-0.23681404,0.5103937565311691
INTU,2025-05-22,2025-05-23,1,0.91394126,0.16187361,-0.75206765,0.772858390414741
AZN,2025-04-29,2025-05-23,24,0.23438266,0.3581607,0.12377804,0.2971613506084114
AZN,2025-04-29,2025-05-16,17,0.28906962,0.25098404,-0.03808558000000001,0.3424358418226812
AZN,2025-04-29,2025-05-09,10,0.32886413,0.31641307,-0.012451059999999958,0.35004060983168483
AZN,2025-04-29,2025-05-02,3,0.34766278,0.39746696,0.049804179999999976,0.33985683711568493
HSBC,2025-04-29,2025-05-30,31,0.21826954,0.5554244,0.33715486000000006,0.19459540677569057
HSBC,2025-04-29,2025-05-09,10,0.27735096,0.34326828,0.06591732,0.25525861568758484
HSBC,2025-04-29,2025-05-02,3,0.41699803,0.30078825,-0.11620978000000004,0.39894184936857563
SHEL,2025-05-02,2025-06-20,49,0.2353592,0.21900195,-0.01635724999999999,0.17679953424493824
SHEL,2025-05-02,2025-05-30,28,0.22949989,0.22217575,-0.007324140000000007,0.1764496672162001
SHEL,2025-05-02,2025-05-23,21,0.23218541,0.21045712,-0.02172829000000001,0.19097033328047316
SHEL,2025-05-02,2025-05-16,14,0.26221442,0.2524489,-0.009765520000000028,0.21757780223522244
SHEL,2025-05-02,2025-05-09,7,0.30713582,0.28125718,-0.02587864000000001,0.2760808660118275
MCD,2025-05-01,2025-06-20,50,0.24927509,0.1934895,-0.055785589999999996,0.14360380481585816
MCD,2025-05-01,2025-05-30,29,0.238533,0.21100642,-0.027526579999999995,0.15606080154254642
MCD,2025-05-01,2025-05-23,22,0.28864238,0.2091754,-0.07946697999999996,0.17008967002827335
MCD,2025-05-01,2025-05-16,15,0.30469444,0.20716125,-0.09753319000000002,0.19182639771862148
MCD,2025-05-01,2025-05-09,8,0.24256128,0.19519848,-0.04736279999999998,0.17478591980537378
MCD,2025-05-01,2025-05-02,1,0.25806406,0.26074958,0.002685519999999997,0.1527689294203578
UBER,2025-05-07,2025-06-20,44,0.3913635,0.3830628,-0.008300699999999994,0.32777307765828967
UBER,2025-05-07,2025-06-13,37,0.3980773,0.46509323,0.06701593,0.34543182097677705
UBER,2025-05-07,2025-06-06,30,0.3613345,0.37769178,0.016357279999999974,0.37022410114223797
UBER,2025-05-07,2025-05-30,23,0.38892213,0.37061176,-0.018310369999999965,0.4110929624050021
UBER,2025-05-07,2025-05-23,16,0.39917594,0.37427384,-0.024902099999999983,0.41837773152013746
UBER,2025-05-07,2025-05-16,9,0.40894145,0.3977111,-0.01123035,0.47974084183617277
UBER,2025-05-07,2025-05-09,2,0.45801324,0.3925842,-0.06542904,0.26014026010187774
ACN,2025-06-20,2025-07-25,35,0.2793041,0.2529982,-0.026305899999999993,1.1699608916979063
ACN,2025-06-20,2025-07-18,28,0.2529982,0.22534955,-0.027648649999999997,1.1699608916979063
ACN,2025-06-20,2025-07-11,21,0.3236762,0.25971198,-0.06396422000000002,1.1699608916979063
ACN,2025-06-20,2025-06-27,7,0.27979237,0.22534955,-0.05444282,1.1699608916979063
CAT,2025-04-30,2025-05-16,16,0.32154,0.3466862,0.025146200000000007,0.270600674915289
CAT,2025-04-30,2025-05-09,9,0.33045104,0.40234974,0.07189870000000004,0.18986958757107383
CAT,2025-04-30,2025-05-02,2,0.32691103,0.5499313,0.22302027000000002,0.19610927078830556
RY,2025-05-29,2025-07-18,50,0.17444673,0.20899229,0.03454556,0.1580212721511136
RY,2025-05-29,2025-06-20,22,0.15943223,0.18701985,0.02758761999999998,0.16320365052685365
BKNG,2025-04-29,2025-06-06,38,0.3702112,0.31716076,-0.05305044000000003,0.19402535945487356
BKNG,2025-04-29,2025-05-30,31,0.31569213,0.31169435,-0.003997780000000006,0.20390452207357532
BKNG,2025-04-29,2025-05-16,17,0.44766787,0.33915228,-0.10851559000000005,0.2346931274499972
BKNG,2025-04-29,2025-05-09,10,0.2636182,0.35845062,0.09483241999999997,0.25955591200140016
BKNG,2025-04-29,2025-05-02,3,0.6974823,0.27144587,-0.42603643,0.27249953095674917
QCOM,2025-04-30,2025-05-16,16,0.4952443,0.39392695,-0.10131735000000003,0.5265396822442794
QCOM,2025-04-30,2025-05-09,9,0.52026844,0.39502558,-0.12524286000000007,0.6282597747046188
QCOM,2025-04-30,2025-05-02,2,0.8332536,0.39649042,-0.43676318000000003,1.0744499753276155
ARM,2025-05-07,2025-06-20,44,0.60303134,0.5445602,-0.05847113999999998,0.4862733065662528
ARM,2025-05-07,2025-06-13,37,0.599003,0.51685053,-0.08215246999999992,0.5030173202055434
ARM,2025-05-07,2025-06-06,30,0.6022989,0.54919887,-0.053100029999999965,0.5210565879024467
ARM,2025-05-07,2025-05-30,23,0.61902237,0.56738716,-0.05163521000000004,0.5805500798177504
ARM,2025-05-07,2025-05-23,16,0.68896794,0.5471237,-0.14184423999999995,0.5516000008053334
ARM,2025-05-07,2025-05-16,9,0.7851584,0.5754437,-0.20971470000000003,0.6558466848189496
ARM,2025-05-07,2025-05-09,2,1.154301,0.57812923,-0.57617177,0.6416510251999987
SPGI,2025-04-29,2025-05-23,24,0.2521437,0.27695426,0.02481055999999998,0.1866571463992656
SPGI,2025-04-29,2025-05-16,17,0.2674634,0.28311875,0.015655349999999957,0.1722543740941992
SPGI,2025-04-29,2025-05-02,3,0.30042204,0.36035797,0.059935930000000026,0.18453900639028573
ADBE,2025-06-12,2025-07-25,43,0.41867647,0.307441,-0.11123547,0.5037507913420366
ADBE,2025-06-12,2025-07-18,36,0.43353838,0.27866322,-0.15487516,0.5037507913420366
ADBE,2025-06-12,2025-07-11,29,0.46014944,0.31354445,-0.14660499000000005,0.5037507913420366
ADBE,2025-06-12,2025-07-03,21,0.48254913,0.27643546,-0.20611366999999997,0.5037507913420366
ADBE,2025-06-12,2025-06-27,15,0.52716535,0.2794872,-0.24767814999999999,0.5037507913420366
ADBE,2025-06-12,2025-06-20,8,0.717349,0.27179682,-0.44555218,0.5377676744950338
ADBE,2025-06-12,2025-06-13,1,1.2548865,0.1975178,-1.0573687,0.6362332152840418
AMGN,2025-05-01,2025-06-20,50,0.35428503,0.26020026,-0.09408476999999998,0.26892032336692445
AMGN,2025-05-01,2025-06-06,36,0.32874206,0.23529817,-0.09344389,0.29950429452568267
AMGN,2025-05-01,2025-05-23,22,0.3556583,0.26813477,-0.08752352999999996,0.3282656298136233
AMGN,2025-05-01,2025-05-16,15,0.40796492,0.26087165,-0.14709327,0.38377235833164314
AMGN,2025-05-01,2025-05-09,8,0.47620153,0.26319095,-0.21301058,0.2818415367163726
AMGN,2025-05-01,2025-05-02,1,0.800295,0.2417068,-0.5585882,0.17720910468095624
MUFG,2025-05-15,2025-06-20,36,0.36524072,0.43750563,0.07226490999999996,0.23536855743770238
MUFG,2025-05-15,2025-05-16,1,0.80468947,1.5156274,0.71093793,0.15243034337529054
HON,2025-04-29,2025-05-16,17,0.24182887,0.24402611,0.002197239999999989,0.2995297432470001
HON,2025-04-29,2025-05-09,10,0.25403577,0.298591,0.04455523,0.336509407612496
HON,2025-04-29,2025-05-02,3,0.2705151,0.37378556,0.10327046000000001,0.4084223208603404
SONY,2025-05-14,2025-06-20,37,0.3261786,0.2929758,-0.03320279999999998,0.3087276880882983
SONY,2025-05-14,2025-06-13,30,0.34375656,0.31690136,-0.026855199999999968,0.28456945791369165
SONY,2025-05-14,2025-06-06,23,0.34570968,0.29883513,-0.046874550000000015,0.2930695264739225
SONY,2025-05-14,2025-05-23,9,0.36231107,0.35254553,-0.009765540000000017,0.35636770753268016
SONY,2025-05-14,2025-05-16,2,0.48633325,0.5664106,0.08007734999999999,0.1729957376153383
AMAT,2025-05-15,2025-06-20,36,0.43591872,0.3483952,-0.08752351999999997,0.31983248925314095
AMAT,2025-05-15,2025-06-13,29,0.41773042,0.35047036,-0.06726006000000001,0.31615409515366427
AMAT,2025-05-15,2025-06-06,22,0.48206085,0.3466862,-0.13537464999999999,0.32102946827977275
AMAT,2025-05-15,2025-05-30,15,0.4945119,0.34107104,-0.15344086,0.31975941273933894
AMAT,2025-05-15,2025-05-23,8,0.6084024,0.32862,-0.2797824,0.32051428975463414
AMAT,2025-05-15,2025-05-16,1,0.88989365,0.106454246,-0.783439404,0.6449758297812338
SHOP,2025-05-08,2025-06-20,43,0.507085,0.5190478,0.01196279999999994,0.5827921736129168
SHOP,2025-05-08,2025-06-13,36,0.5185595,0.5131885,-0.005370999999999904,0.6200064568945342
SHOP,2025-05-08,2025-06-06,29,0.5581099,0.5043995,-0.05371040000000005,0.6276207064956018
SHOP,2025-05-08,2025-05-30,22,0.52734846,0.51477534,-0.012573119999999993,0.6825542206629212
SHOP,2025-05-08,2025-05-23,15,0.58398855,0.5351609,-0.04882765,0.7759676149983042
SHOP,2025-05-08,2025-05-16,8,0.5722699,0.551274,-0.020995899999999956,0.9359673849882574
SHOP,2025-05-08,2025-05-09,1,0.52734846,0.19727366,-0.3300748,0.20995546891206385
SYK,2025-05-01,2025-06-20,50,0.35065347,0.2629468,-0.08770667000000004,0.14882858581542666
SYK,2025-05-01,2025-05-16,15,0.44794253,0.30451134,-0.14343119,0.15182621129107438
SPOT,2025-04-29,2025-05-30,31,0.32504946,0.45783013,0.13278067,0.4759755658498355
SPOT,2025-04-29,2025-05-16,17,0.47876498,0.49103293,0.012267949999999972,0.5229174018460951
SPOT,2025-04-29,2025-05-09,10,0.5025074,0.5222826,0.019775199999999993,0.5872522225015254
SPOT,2025-04-29,2025-05-02,3,0.6178627,0.5047657,-0.113097,0.8497922195985224
PDD,2025-05-27,2025-07-18,52,0.42517665,0.43506426,0.009887609999999991,0.8094158324120287
PDD,2025-05-27,2025-06-27,31,0.51172364,0.41455662,-0.09716702000000005,0.8094158324120287
PDD,2025-05-27,2025-06-20,24,0.42529872,0.39990833,-0.02539039000000004,0.8344772300869924
PDD,2025-05-27,2025-06-13,17,0.43530837,0.39868766,-0.03662071,0.9401123899777956
PDD,2025-05-27,2025-06-06,10,0.44898012,0.39404902,-0.054931099999999955,1.1452228093627799
PDD,2025-05-27,2025-05-30,3,0.51514155,0.4340877,-0.08105384999999993,1.7536519277506846
DHR,2025-04-22,2025-05-23,31,0.3850159,0.38635868,0.0013427799999999879,0.41033078207068013
PFE,2025-04-29,2025-05-16,17,0.2929758,0.1982502,-0.09472560000000002,0.39254731664078113
PFE,2025-04-29,2025-05-09,10,0.3183662,0.25781992,-0.06054628000000001,0.37018359463847395
PFE,2025-04-29,2025-05-02,3,0.37110004,0.27735096,-0.09374908000000004,0.36524460392641267
ETN,2025-05-02,2025-06-20,49,0.3333807,0.37872934,0.04534864000000005,0.24275008914565682
ETN,2025-05-02,2025-06-13,42,0.3775697,0.33838552,-0.03918418000000001,0.21856826167409787
ETN,2025-05-02,2025-06-06,35,0.32727724,0.3107979,-0.01647934000000001,0.2135477332143862
ETN,2025-05-02,2025-05-30,28,0.4144956,0.3690859,-0.0454097,0.2242859518014625
ETN,2025-05-02,2025-05-23,21,0.35114175,0.34943277,-0.001708979999999971,0.2235086839270147
ETN,2025-05-02,2025-05-16,14,0.36298245,0.3733583,0.010375849999999964,0.23241428583360027
ETN,2025-05-02,2025-05-09,7,0.30139858,0.35608554,0.05468695999999995,0.14438845166004297
DE,2025-05-15,2025-06-27,43,0.24372095,0.29230443,0.04858348000000001,0.2276664667259335
DE,2025-05-15,2025-06-20,36,0.2779613,0.2669751,-0.010986200000000002,0.22674867117832442
DE,2025-05-15,2025-06-13,29,0.31665722,0.2728039,-0.04385332000000003,0.22633662953684192
DE,2025-05-15,2025-06-06,22,0.28333235,0.25534803,-0.027984320000000007,0.24177815463793398
DE,2025-05-15,2025-05-30,15,0.2816234,0.25806406,-0.02355934000000004,0.2744957571348058
DE,2025-05-15,2025-05-23,8,0.2948679,0.25482923,-0.04003867,0.34330895000520206
DE,2025-05-15,2025-05-16,1,0.28955787,0.27539787,-0.014160000000000006,0.09195943279961014
TJX,2025-05-21,2025-07-18,58,0.27814442,0.25659922,-0.021545199999999987,0.19340572679592474
TJX,2025-05-21,2025-06-27,37,0.22657023,0.22400679,-0.00256344,0.19340572679592474
TJX,2025-05-21,2025-06-20,30,0.2811351,0.22705851,-0.054076590000000035,0.19340572679592474
TJX,2025-05-21,2025-06-13,23,0.2487868,0.2515944,0.0028075999999999934,0.20724335171723832
TJX,2025-05-21,2025-06-06,16,0.24280542,0.22583783,-0.016967590000000005,0.23975594605326214
TJX,2025-05-21,2025-05-30,9,0.26526615,0.22901161,-0.036254539999999974,0.284139638508965
TJX,2025-05-21,2025-05-23,2,0.3554752,0.29053444,-0.06494075999999999,0.17193979705802392
TTE,2025-04-30,2025-06-20,51,0.30078825,0.2744213,-0.02636695,0.22556427341325727
TTE,2025-04-30,2025-05-16,16,0.34326828,0.28125718,-0.062011099999999986,0.2216771554200631
MU,2025-06-25,2025-07-25,30,0.5213671,0.4067442,-0.11462289999999997,
MU,2025-06-25,2025-07-18,23,0.5205126,0.40064076,-0.11987184000000001,
MU,2025-06-25,2025-07-11,16,0.591923,0.3894104,-0.2025126,
MU,2025-06-25,2025-07-03,8,0.7788108,0.40112904,-0.37768176000000003,
MU,2025-06-25,2025-06-27,2,1.1420941,0.3759828,-0.7661112999999999,
PANW,2025-05-20,2025-07-18,59,0.39697868,0.34564865,-0.05133002999999997,0.33087400664321215
PANW,2025-05-20,2025-06-27,38,0.44177803,0.3530338,-0.08874422999999998,0.33087400664321215
PANW,2025-05-20,2025-06-20,31,0.43848217,0.34546554,-0.09301662999999999,0.3324009421949228
PANW,2025-05-20,2025-06-13,24,0.5213671,0.3850159,-0.13635119999999995,0.35747562460829113
PANW,2025-05-20,2025-06-06,17,0.5307664,0.35999176,-0.17077463999999998,0.40729837501827243
PANW,2025-05-20,2025-05-30,10,0.5837444,0.36817038,-0.21557402000000003,0.502333762946407
PANW,2025-05-20,2025-05-23,3,0.9057627,0.43262285,-0.47313985000000003,0.6659971406714945
BUD,2025-05-08,2025-06-20,43,0.23731232,0.23926543,0.001953110000000008,0.15757341151539508
BUD,2025-05-08,2025-06-06,29,0.25293717,0.21680471,-0.03613245999999998,0.16765150998326536
BUD,2025-05-08,2025-05-30,22,0.22217575,0.21582815,-0.006347600000000009,0.17342036605014405
BUD,2025-05-08,2025-05-23,15,0.2417068,0.37061176,0.12890496,0.18852538367735994
BUD,2025-05-08,2025-05-16,8,0.21875781,0.2128985,-0.0058593100000000065,0.2239630408638358
BUD,2025-05-08,2025-05-09,1,0.25781992,0.5224657,0.26464578000000005,0.20901766981650405
TD,2025-05-22,2025-07-18,57,0.22705851,0.17810881,-0.048949699999999985,0.13534888902615116
TD,2025-05-22,2025-06-20,29,0.22534955,0.19043778,-0.03491177000000001,0.13886156668762956
ANET,2025-05-06,2025-06-06,31,0.5131885,0.49194843,-0.021240070000000055,0.4991967256554153
KKR,2025-05-01,2025-06-20,50,0.51880366,0.44409737,-0.07470629000000001,0.3126199872099661
KKR,2025-05-01,2025-06-06,36,0.4323787,0.40308213,-0.029296570000000022,0.33671944396476844
KKR,2025-05-01,2025-05-30,29,0.34351242,0.4731498,0.12963738000000002,0.36618618875103176
KKR,2025-05-01,2025-05-23,22,0.4268856,0.4641167,0.03723110000000002,0.3895608827066285
KKR,2025-05-01,2025-05-16,15,0.4502008,0.4537408,0.0035399999999999876,0.36666642934883975
KKR,2025-05-01,2025-05-09,8,0.5241747,0.47461462,-0.049560080000000006,0.2689381638737203
KKR,2025-05-01,2025-05-02,1,0.5263719,0.5908244,0.06445250000000002,0.21512177934765625
CRWD,2025-06-03,2025-07-18,45,0.4828543,0.40463853,-0.07821577000000002,0.36587377360417306
CRWD,2025-06-03,2025-07-11,38,0.51459223,0.40479112,-0.10980110999999998,0.36587377360417306
CRWD,2025-06-03,2025-07-03,30,0.50842774,0.3994506,-0.10897714000000003,0.36587377360417306
CRWD,2025-06-03,2025-06-27,24,0.5399826,0.39768058,-0.14230201999999997,0.36587377360417306
CRWD,2025-06-03,2025-06-20,17,0.58343923,0.39923698,-0.18420224999999996,0.3527230559935148
CRWD,2025-06-03,2025-06-13,10,0.6374548,0.41193214,-0.22552265999999999,0.3849745403814686
CRWD,2025-06-03,2025-06-06,3,0.9035654,0.44849184,-0.45507356,0.5767506268337664
LOW,2025-05-21,2025-07-18,58,0.28687236,0.28821513,0.0013427699999999931,0.2134023426909805
LOW,2025-05-21,2025-06-20,30,0.30274135,0.27832752,-0.024413830000000025,0.19049887530833257
LOW,2025-05-21,2025-06-13,23,0.27869374,0.2574537,-0.021240040000000016,0.1970624280751517
LOW,2025-05-21,2025-06-06,16,0.28418684,0.24481957,-0.03936727000000001,0.1829219578143506
LOW,2025-05-21,2025-05-30,9,0.2542799,0.27307856,0.018798660000000023,0.21538279965765972
LOW,2025-05-21,2025-05-23,2,0.31055376,0.30078825,-0.009765510000000033,0.041232526654020614
MELI,2025-05-07,2025-06-20,44,0.46920544,0.36894858,-0.10025685999999995,0.31364686082385307
MELI,2025-05-07,2025-06-13,37,0.4745307,0.39369044,-0.08084026000000005,0.3084763748328789
MELI,2025-05-07,2025-05-30,23,0.5302629,0.37341934,-0.15684356,0.31420489497908627
MELI,2025-05-07,2025-05-23,16,0.44281563,0.3673693,-0.07544633,0.3532663817176624
MELI,2025-05-07,2025-05-16,9,0.5294542,0.41338173,-0.11607246999999998,0.3121832112957251
MELI,2025-05-07,2025-05-09,2,0.649326,0.4172269,-0.23209909999999995,0.437747819752387
SAN,2025-04-30,2025-06-20,51,0.38086557,0.40820906,0.027343490000000026,0.29191184556350397
SAN,2025-04-30,2025-05-16,16,1.0390673,0.42188078,-0.61718652,0.3775011448274842
ADP,2025-04-30,2025-05-16,16,0.25122818,0.23419955,-0.017028630000000017,0.13001705181923154
ADP,2025-04-30,2025-05-09,9,0.25183854,0.26142097,0.009582429999999975,0.12806949131006684
ADP,2025-04-30,2025-05-02,2,0.3399724,0.34863934,0.008666940000000012,0.2069166646655025
KLAC,2025-04-30,2025-06-20,51,0.4354762,0.42081267,-0.01466352999999998,0.3802420354401158
KLAC,2025-04-30,2025-05-16,16,0.5042774,0.45117736,-0.05310003999999996,0.4948131034998111
ADI,2025-05-22,2025-07-18,57,0.3372869,0.32886413,-0.008422770000000024,0.30741661031070705
ADI,2025-05-22,2025-06-27,36,0.305671,0.3175117,0.011840699999999982,0.30741661031070705
ADI,2025-05-22,2025-06-20,29,0.33154964,0.33692068,0.005371039999999994,0.31344844505101394
ADI,2025-05-22,2025-06-13,22,0.37390763,0.32849792,-0.04540970999999999,0.31946721556758634
ADI,2025-05-22,2025-06-06,15,0.32862,0.3330145,0.004394499999999968,0.31471271897855796
ADI,2025-05-22,2025-05-30,8,0.32276067,0.31897655,-0.003784120000000002,0.392923361816425
ADI,2025-05-22,2025-05-23,1,0.48706567,0.14502808,-0.34203759,0.454601058140078
COP,2025-05-08,2025-06-20,43,0.31568068,0.30945516,-0.006225519999999984,0.28288429951635385
COP,2025-05-08,2025-06-06,29,0.3839173,0.3068917,-0.07702560000000003,0.26705650776596485
COP,2025-05-08,2025-05-30,22,0.3029855,0.29761446,-0.005371039999999994,0.2653995385427197
COP,2025-05-08,2025-05-23,15,0.34375656,0.30713582,-0.036620739999999985,0.2981039025855446
COP,2025-05-08,2025-05-16,8,0.33399102,0.3566959,0.022704879999999983,0.30316897801062265
COP,2025-05-08,2025-05-09,1,0.4960988,0.24707784,-0.24902096,0.17026999169417747
VRTX,2025-05-05,2025-06-20,46,0.3466557,0.31034014,-0.036315560000000024,0.3846480349057161
VRTX,2025-05-05,2025-06-06,32,0.4187375,0.24997698,-0.16876052,0.4340725998971171
VRTX,2025-05-05,2025-05-30,25,0.37958384,0.28955787,-0.09002597000000001,0.4810860978291103
VRTX,2025-05-05,2025-05-23,18,0.4374446,0.4265194,-0.010925200000000024,0.526510560607685
VRTX,2025-05-05,2025-05-16,11,0.43701735,0.43280596,-0.004211390000000037,0.6245521669467692
VRTX,2025-05-05,2025-05-09,4,0.5056202,1.5732443,1.0676241000000002,0.6725898443816035
APP,2025-05-07,2025-06-20,44,0.98791516,0.7896139,-0.19830126000000003,0.6379942521911638
APP,2025-05-07,2025-06-13,37,1.0606736,0.8362748,-0.22439880000000012,0.6287452284821562
APP,2025-05-07,2025-06-06,30,1.1641887,0.8201922,-0.3439964999999999,0.581555305584915
APP,2025-05-07,2025-05-30,23,1.1344037,0.7108794,-0.42352429999999996,0.6432015643420397
APP,2025-05-07,2025-05-23,16,1.2739294,0.77185285,-0.5020765500000001,0.6756920327264516
APP,2025-05-07,2025-05-16,9,1.6049825,0.6844514,-0.9205310999999999,0.8090998789506721
APP,2025-05-07,2025-05-09,2,2.6223178,0.5993692,-2.0229486,1.2187976375879235
MDT,2025-05-21,2025-07-18,58,0.23169714,0.22840127,-0.0032958700000000063,0.22767904730126431
MDT,2025-05-21,2025-06-27,37,0.25366956,0.26831788,0.014648319999999992,0.22767904730126431
MDT,2025-05-21,2025-06-20,30,0.3357,0.24512474,-0.09057525999999999,0.2330712859819086
MDT,2025-05-21,2025-06-13,23,0.26099372,0.23877715,-0.02221656999999999,0.24432487749864393
MDT,2025-05-21,2025-06-06,16,0.23267369,0.21924609,-0.013427599999999984,0.2803591866817358
MDT,2025-05-21,2025-05-30,9,0.2744213,0.20362124,-0.07080005999999997,0.316831923085613
MDT,2025-05-21,2025-05-23,2,0.3222724,0.20703918,-0.11523322000000003,0.31355205534323644
MSTR,2025-05-01,2025-06-20,50,0.78988856,0.6856721,-0.10421645999999996,0.43438281950367935
MSTR,2025-05-01,2025-06-06,36,0.75006354,0.74463147,-0.005432070000000011,0.4727669519662031
MSTR,2025-05-01,2025-05-30,29,0.7202787,0.6068765,-0.11340220000000001,0.48958074770011883
MSTR,2025-05-01,2025-05-23,22,0.7673363,0.5940287,-0.1733076,0.5350887571478196
MSTR,2025-05-01,2025-05-16,15,0.7160063,0.5549361,-0.16107019999999994,0.4659111382295454
MSTR,2025-05-01,2025-05-09,8,0.73980975,0.50537604,-0.23443371000000002,0.3899144982183392
MSTR,2025-05-01,2025-05-02,1,0.97448754,0.13379772,-0.84068982,0.32557220618690985
NKE,2025-06-26,2025-07-25,29,0.49512222,0.36817038,-0.12695183999999998,
NKE,2025-06-26,2025-07-18,22,0.5161181,0.35010415,-0.16601395000000002,
NKE,2025-06-26,2025-07-11,15,0.620121,0.34863934,-0.27148166,
NKE,2025-06-26,2025-07-03,7,0.7348659,0.3466862,-0.38817969999999996,
NKE,2025-06-26,2025-06-27,1,1.3418002,0.15918809,-1.18261211,
UBS,2025-04-30,2025-05-16,16,0.34278002,0.29492894,-0.047851080000000046,0.22507860003589325
UBS,2025-04-30,2025-05-09,9,0.4091856,0.3222724,-0.08691319999999997,0.24746713980559715
UBS,2025-04-30,2025-05-02,2,0.43750563,0.7910177,0.35351207000000007,0.33159356118908195
SBUX,2025-04-29,2025-05-16,17,0.5263719,0.33594415,-0.19042775,0.4784511403680724
SBUX,2025-04-29,2025-05-09,10,0.6218299,0.36231107,-0.25951883000000003,0.47017881652698335
SBUX,2025-04-29,2025-05-02,3,0.91015714,0.4130918,-0.49706534,0.6554930092778808
ICE,2025-05-01,2025-06-20,50,0.2507399,0.23737335,-0.013366550000000005,0.14940994553956854
ICE,2025-05-01,2025-05-16,15,0.2432937,0.35913727,0.11584357,0.19775319616840645
AMT,2025-04-29,2025-07-18,80,0.25235733,0.27890736,0.026550030000000002,0.25854660947433783
AMT,2025-04-29,2025-06-20,52,0.24799336,0.25183854,0.0038451800000000036,0.25790632182980266
AMT,2025-04-29,2025-05-16,17,0.25611097,0.29675996,0.040648989999999996,0.39011743044667857
SO,2025-05-01,2025-06-20,50,0.20313297,0.19763985,-0.00549311999999999,0.21997633567132277
SO,2025-05-01,2025-05-30,29,0.19617502,0.1879964,-0.008178619999999998,0.2574592088267319
SO,2025-05-01,2025-05-23,22,0.22022264,0.21582815,-0.004394490000000001,0.25769746601908194
SO,2025-05-01,2025-05-16,15,0.24414818,0.22071092,-0.023437259999999988,0.27542009532386263
SO,2025-05-01,2025-05-09,8,0.24073026,0.22779092,-0.012939339999999994,0.1558630986715008
SO,2025-05-01,2025-05-02,1,0.39160764,0.19727366,-0.19433398,0.002218225146862761
MO,2025-04-29,2025-05-16,17,0.2231523,0.2109454,-0.012206899999999993,0.2670290744948923
MO,2025-04-29,2025-05-09,10,0.22852334,0.208504,-0.020019339999999997,0.1406448893921055
MO,2025-04-29,2025-05-02,3,0.24512474,0.26270267,0.01757793000000002,0.04792098706284772
WELL,2025-04-28,2025-06-20,53,0.2484206,0.27307856,0.024657960000000034,0.20571430736837568
WELL,2025-04-28,2025-05-16,18,0.3598697,0.24768819,-0.11218151000000001,0.21292204993704977
BN,2025-05-08,2025-06-20,43,0.38477176,0.37549454,-0.00927722000000003,0.23493312306283282
BN,2025-05-08,2025-05-16,8,0.2929758,0.43750563,0.14452982999999997,0.2813164313783679
SMFG,2025-05-14,2025-05-16,2,2.3281293,3.5546887,1.2265593999999997,
ENB,2025-05-09,2025-06-20,42,0.1611412,0.10059493,-0.06054627000000001,0.21596532207477745
ENB,2025-05-09,2025-05-16,7,0.22168747,0.34863934,0.12695187000000002,0.27367617539028105
CEG,2025-05-06,2025-06-13,38,0.48987326,0.5408371,0.05096383999999998,0.4532893736526074
CEG,2025-05-06,2025-06-06,31,0.48663843,0.50659674,0.01995830999999998,0.4771877537288945
TT,2025-04-30,2025-06-20,51,0.32901672,0.30789876,-0.02111795999999999,0.2670764726776688
TT,2025-04-30,2025-05-16,16,0.33679864,0.30707482,-0.029723819999999956,0.3558899904056704
PH,2025-05-01,2025-06-20,50,0.31694713,0.33740896,0.02046182999999996,0.19836193364798116
PH,2025-05-01,2025-05-16,15,0.30258876,0.29480687,-0.0077818900000000135,0.19310293821044394
WM,2025-04-28,2025-07-18,81,0.24341577,0.20880918,-0.03460658999999999,0.158211288404457
WM,2025-04-28,2025-06-20,53,0.24713887,0.22290817,-0.02423070000000002,0.1575855955753616
WM,2025-04-28,2025-05-16,18,0.3076241,0.1947102,-0.11291390000000001,0.20866439988551574
RCL,2025-04-29,2025-05-16,17,0.49109396,0.45618218,-0.03491178,0.2733224548953178
RCL,2025-04-29,2025-05-09,10,0.46057668,0.45532772,-0.005248960000000025,0.2856306183886981
RCL,2025-04-29,2025-05-02,3,0.5068409,0.4545953,-0.05224560000000006,0.35616605567113363
COIN,2025-05-08,2025-06-20,43,0.7070952,0.6132241,-0.09387109999999999,0.9719197944689314
COIN,2025-05-08,2025-06-13,36,0.61456686,0.5835613,-0.0310055600000001,0.9086463288521328
COIN,2025-05-08,2025-06-06,29,0.7328518,0.6053506,-0.1275012000000001,1.001763507283339
COIN,2025-05-08,2025-05-30,22,0.7283963,0.58087575,-0.14752054999999997,1.0720807407785797
COIN,2025-05-08,2025-05-23,15,0.7812522,0.57434505,-0.20690714999999993,1.1886343341756263
COIN,2025-05-08,2025-05-16,8,0.85473776,0.5698285,-0.28490926000000005,1.4751232843743234
COIN,2025-05-08,2025-05-09,1,1.3259311,0.18653157,-1.13939953,0.9509964659796734
HCA,2025-04-25,2025-07-18,84,0.34018603,0.34680828,0.006622250000000052,0.24153736353269967
HCA,2025-04-25,2025-06-20,56,0.37146625,0.34424484,-0.02722141,0.2446892665159881
TRI,2025-05-01,2025-06-20,50,0.265022,0.2496413,-0.01538069999999997,0.16067976395582986
TRI,2025-05-01,2025-05-16,15,0.24732198,0.17884122,-0.06848076,0.18331368602415998
BBVA,2025-04-29,2025-06-20,52,0.5703168,0.5576216,-0.012695199999999907,0.2717281957367807
BBVA,2025-04-29,2025-05-16,17,0.554692,0.62500376,0.07031176000000006,0.28802467657125813
MCK,2025-05-08,2025-06-20,43,0.35874054,0.30136806,-0.057372480000000003,0.2259028528146678
MCK,2025-05-08,2025-05-30,22,0.3524845,0.34439743,-0.008087069999999974,0.2784399579223552
MCK,2025-05-08,2025-05-23,15,0.3217231,0.37946177,0.05773866999999999,0.3158196897117541
MCK,2025-05-08,2025-05-16,8,0.4828543,0.3440007,-0.13885360000000002,0.41311817262152883
MCK,2025-05-08,2025-05-09,1,0.9852296,0.272102,-0.7131276,0.5626324797140565
MDLZ,2025-04-29,2025-05-16,17,0.20508607,0.28613997,0.08105390000000001,0.2461404137666864
MDLZ,2025-04-29,2025-05-09,10,0.32080758,0.27588615,-0.044921429999999984,0.22640004939184372
MDLZ,2025-04-29,2025-05-02,3,0.47656775,0.36035797,-0.11620977999999998,0.29916247404951457
CDNS,2025-04-28,2025-07-18,81,0.3313055,0.37811902,0.04681352,0.3857281984770495
CDNS,2025-04-28,2025-06-20,53,0.39740592,0.3643252,-0.03308072000000001,0.3909321432453427
CDNS,2025-04-28,2025-05-16,18,0.4772391,0.35803863,-0.11920047,0.2943334932521543
SHW,2025-04-29,2025-09-19,143,0.30423668,0.31394118,0.009704500000000005,0.267539329205618
SHW,2025-04-29,2025-06-20,52,0.2818065,0.28809306,0.006286559999999997,0.2595449491157883
SHW,2025-04-29,2025-05-16,17,0.25977302,0.30628136,0.04650833999999998,0.2718113477975962
SE,2025-05-13,2025-06-13,31,0.3625552,0.35877106,-0.003784140000000047,0.5435594013886249
SE,2025-05-13,2025-06-06,24,0.4624077,0.34607586,-0.11633183999999996,0.5749948768926724
UPS,2025-04-29,2025-05-16,17,0.34009448,0.33789724,-0.002197239999999989,0.32028607977798473
UPS,2025-04-29,2025-05-09,10,0.351569,0.3593814,0.007812399999999997,0.2603018948855603
UPS,2025-04-29,2025-05-02,3,0.305671,0.38477176,0.07910075999999999,0.2305056538479222
RACE,2025-05-06,2025-06-20,45,0.32532412,0.28598738,-0.03933673999999998,0.18051507697596056
TDG,2025-05-06,2025-05-16,10,0.31445998,0.31760326,0.003143280000000026,0.38547248358174235
CI,2025-05-02,2025-06-20,49,0.27204096,0.2570875,-0.014953459999999974,0.26172945822201504
CI,2025-05-02,2025-06-06,35,0.23633575,0.24738301,0.011047259999999975,0.2942323792548517
CI,2025-05-02,2025-05-30,28,0.27820545,0.2431106,-0.03509485000000001,0.32879617771775116
CI,2025-05-02,2025-05-23,21,0.30573204,0.277412,-0.02832003999999999,0.35880955657588537
CI,2025-05-02,2025-05-16,14,0.27503166,0.28424788,0.009216219999999997,0.41080094312145493
CI,2025-05-02,2025-05-09,7,0.34033862,0.2793041,-0.06103451999999998,0.05056094583921091
CVS,2025-05-01,2025-06-20,50,0.35694003,0.32422552,-0.03271451000000003,0.35530801207058793
CVS,2025-05-01,2025-06-06,36,0.3606021,0.42358974,0.06298764000000001,0.3733122832855099
CVS,2025-05-01,2025-05-30,29,0.3005441,0.32862,0.028075900000000042,0.41701564541542196
CVS,2025-05-01,2025-05-23,22,0.30347377,0.34058276,0.03710899000000001,0.42873695338272
CVS,2025-05-01,2025-05-16,15,0.30200893,0.31641307,0.01440414000000001,0.47500364553405816
CVS,2025-05-01,2025-05-09,8,0.31885448,0.3012765,-0.017577979999999993,0.3639444867502557
CVS,2025-05-01,2025-05-02,1,0.4091856,0.2519606,-0.157225,0.7781642518928805
SNPS,2025-05-28,2025-07-18,51,0.53030866,0.40839216,-0.12191649999999998,0.45754906206975
SNPS,2025-05-28,2025-06-20,23,0.54864955,0.4238949,-0.12475465000000002,0.47190915155512325
DELL,2025-05-29,2025-07-18,50,0.4909719,0.42566493,-0.06530697000000002,0.34789230806974364
DELL,2025-05-29,2025-07-03,35,0.5056202,0.40015247,-0.10546772999999998,0.34789230806974364
DELL,2025-05-29,2025-06-27,29,0.5085498,0.5015919,-0.006957900000000072,0.34789230806974364
DELL,2025-05-29,2025-06-20,22,0.56628853,0.41480076,-0.15148777000000002,0.3550889649712663
DELL,2025-05-29,2025-06-13,15,0.5483444,0.42432216,-0.12402223999999995,0.3429418080029192
DELL,2025-05-29,2025-06-06,8,0.71094036,0.42090422,-0.29003614000000005,0.3489742241397212
DELL,2025-05-29,2025-05-30,1,1.2387733,0.2128985,-1.0258748,0.22176702087728262
NTES,2025-05-15,2025-07-18,64,0.40296006,0.36206692,-0.040893139999999994,0.4894467597652229
NTES,2025-05-15,2025-06-20,36,0.5114795,0.39844352,-0.11303597999999998,0.49971585992800077
NTES,2025-05-15,2025-05-30,15,0.5863078,0.42212492,-0.16418288000000003,0.7058277193472338
NTES,2025-05-15,2025-05-23,8,0.41138285,0.49512222,0.08373936999999998,0.8691015281422111
NTES,2025-05-15,2025-05-16,1,0.81543154,1.0839889,0.2685573600000001,1.8254107744668089
ABNB,2025-05-01,2025-06-20,50,0.5067188,0.3720766,-0.13464220000000005,0.349067023160966
ABNB,2025-05-01,2025-06-06,36,0.3775697,0.4178525,0.04028280000000001,0.38052509357475756
ABNB,2025-05-01,2025-05-30,29,0.5236864,0.36743796,-0.15624844,0.4068770876470362
ABNB,2025-05-01,2025-05-23,22,0.62622446,0.37695935,-0.24926510999999996,0.43754090224523534
ABNB,2025-05-01,2025-05-16,15,0.6879914,0.3724428,-0.3155486,0.43666862596157946
ABNB,2025-05-01,2025-05-09,8,0.84961087,0.3676821,-0.48192877,0.2666235251351819
ABNB,2025-05-01,2025-05-02,1,1.3305697,0.20313297,-1.12743673,0.07821311867640575
HOOD,2025-04-30,2025-05-16,16,0.8818371,0.72851837,-0.15331873000000007,0.6228566952823676
HOOD,2025-04-30,2025-05-09,9,0.99511725,0.7045928,-0.29052444999999993,0.612509802642051
HOOD,2025-04-30,2025-05-02,2,1.6328143,0.79590046,-0.8369138399999999,0.741508067902474
APO,2025-05-02,2025-06-20,49,0.4265194,0.4104063,-0.01611309999999999,0.37108086704113935
APO,2025-05-02,2025-06-13,42,0.60596097,0.3512028,-0.25475817000000006,0.3894641100351756
APO,2025-05-02,2025-05-30,28,0.35340002,0.40064076,0.04724074,0.4342114970530856
APO,2025-05-02,2025-05-23,21,0.39380488,0.41174904,0.017944159999999987,0.4792281298980933
APO,2025-05-02,2025-05-16,14,0.43848217,0.44702703,0.008544859999999987,0.4742929802402834
APO,2025-05-02,2025-05-09,7,0.50610846,0.46265185,-0.04345661000000001,0.3424655659643161
BMO,2025-05-28,2025-06-20,23,0.2077716,0.2116778,0.0039061999999999986,0.10268273700171357
AJG,2025-05-01,2025-06-20,50,0.28595686,0.2992929,0.013336039999999993,0.23900108516615168
AJG,2025-05-01,2025-05-16,15,0.3054879,0.28986305,-0.015624849999999968,0.26417715230401556
FTNT,2025-05-07,2025-06-20,44,0.50696295,0.38330695,-0.12365600000000004,0.3628775731119529
FTNT,2025-05-07,2025-06-06,30,0.56738716,0.29004616,-0.277341,0.41341929785253395
FTNT,2025-05-07,2025-05-30,23,0.6726107,0.32862,-0.3439907,0.4615488642535079
FTNT,2025-05-07,2025-05-23,16,0.65661967,0.45117736,-0.20544230999999996,0.497755260640716
FTNT,2025-05-07,2025-05-16,9,0.7919943,0.3772035,-0.4147908,0.6407258122326043
FTNT,2025-05-07,2025-05-09,2,1.3085972,0.69140935,-0.6171878499999999,0.7725857696247651
BP,2025-04-29,2025-05-16,17,0.31592482,0.39356074,0.07763592000000002,0.35846909631578144
BP,2025-04-29,2025-05-09,10,0.36328763,0.49805188,0.13476425000000003,0.44197987432791463
BP,2025-04-29,2025-05-02,3,0.4609429,0.39063108,-0.07031181999999997,0.3941310945752905
PBR,2025-05-12,2025-06-20,39,0.29199928,0.24414818,-0.047851100000000035,0.2604940506935925
PBR,2025-05-12,2025-06-13,32,0.43262285,0.24024197,-0.19238088,0.26664752878581527
PBR,2025-05-12,2025-06-06,25,0.4404353,0.2519606,-0.1884747,0.19452625671600973
PBR,2025-05-12,2025-05-30,18,0.37891245,0.30078825,-0.07812420000000003,0.17138951894025678
PBR,2025-05-12,2025-05-23,11,0.4648491,0.31055376,-0.15429534,0.16761351459141238
PBR,2025-05-12,2025-05-16,4,0.5039112,0.3281317,-0.17577949999999998,0.1987106391596424
EMR,2025-05-07,2025-06-20,44,0.41016215,0.30957723,-0.10058492000000002,0.24838999070941492
EMR,2025-05-07,2025-06-13,37,0.2926096,0.34778485,0.055175249999999953,0.25391178147553317
EMR,2025-05-07,2025-06-06,30,0.32556826,0.45483944,0.12927117999999999,0.2725915684028224
EMR,2025-05-07,2025-05-30,23,0.28345442,0.21338677,-0.07006764999999998,0.29757333676184583
EMR,2025-05-07,2025-05-16,9,0.33472344,0.34229174,0.007568300000000028,0.33900708410065244
EMR,2025-05-07,2025-05-09,2,0.5795941,0.5293016,-0.05029249999999996,0.19962459819538933
ECL,2025-04-29,2025-05-16,17,0.3183662,0.16773294,-0.15063326,0.20209955332009352
GSK,2025-04-30,2025-06-20,51,0.231453,0.2524489,0.020995899999999984,0.3175424775841305
GSK,2025-04-30,2025-05-23,23,0.34863934,0.24073026,-0.10790908000000002,0.31030872215986477
GSK,2025-04-30,2025-05-16,16,0.2646558,0.24268335,-0.021972450000000004,0.3464707076147284
GSK,2025-04-30,2025-05-09,9,0.2500075,0.26172614,0.011718640000000002,0.29018201695551554
GSK,2025-04-30,2025-05-02,2,0.31250688,0.2500075,-0.06249937999999999,0.41206730011545284
EQIX,2025-04-30,2025-06-20,51,0.30391628,0.28749797,-0.01641830999999999,0.13230839883327075
EQIX,2025-04-30,2025-05-16,16,0.33100033,0.30383998,-0.02716035,0.1465383373513151
MAR,2025-05-06,2025-05-30,24,0.30359584,0.27301753,-0.030578309999999997,0.30048915426865186
AON,2025-04-25,2025-07-18,84,0.27609977,0.2782665,0.0021667300000000056,0.29752910765978086
AON,2025-04-25,2025-06-20,56,0.28205064,0.24289697,-0.03915367000000003,0.2988539438552218
ITW,2025-04-30,2025-06-20,51,0.25653818,0.33100033,0.07446215,0.17763038297613562
ITW,2025-04-30,2025-05-16,16,0.25025165,0.2500075,-0.00024414999999999853,0.20032636823641617
CP,2025-04-30,2025-06-20,51,0.33862966,0.28589582,-0.052733839999999976,0.21439066421460864
CP,2025-04-30,2025-05-16,16,0.38526005,0.28565168,-0.09960837,0.29733074343588106
CL,2025-04-25,2025-05-16,21,0.29712617,0.21338677,-0.08373940000000002,0.23398689768311512
PYPL,2025-04-29,2025-05-16,17,0.37134418,0.3842835,0.012939319999999976,0.23480390983294072
PYPL,2025-04-29,2025-05-09,10,0.37647107,0.38086557,0.004394499999999968,0.2357811454062876
PYPL,2025-04-29,2025-05-02,3,0.39160764,0.40625593,0.014648290000000008,0.28985903499681964
SNOW,2025-05-21,2025-07-18,58,0.55652297,0.3811097,-0.17541326999999995,0.46406882267411875
SNOW,2025-05-21,2025-06-27,37,0.45715874,0.3924011,-0.06475764,0.46406882267411875
SNOW,2025-05-21,2025-06-20,30,0.6374548,0.37433487,-0.26311993,0.47552031547728296
SNOW,2025-05-21,2025-06-13,23,0.6357458,0.4530084,-0.18273740000000005,0.5296755491546578
SNOW,2025-05-21,2025-06-06,16,0.69104314,0.38880005,-0.30224309,0.6154952727605387
SNOW,2025-05-21,2025-05-30,9,0.9277351,0.348029,-0.5797061000000001,0.8118262659198353
SNOW,2025-05-21,2025-05-23,2,1.5146508,0.34497726,-1.16967354,1.30065205907829
HWM,2025-05-01,2025-06-20,50,0.38733524,0.38147593,-0.0058593100000000065,0.25079042536123086
HWM,2025-05-01,2025-05-23,22,0.3989318,0.39624628,-0.002685519999999997,0.29449735998439086
HWM,2025-05-01,2025-05-16,15,0.44336495,0.42566493,-0.017700019999999983,0.3135476478002816
HWM,2025-05-01,2025-05-02,1,0.5263719,0.7275418,0.2011699,0.291569805467166
WMB,2025-05-05,2025-06-20,46,0.32154,0.38379523,0.062255229999999995,0.21985973979419118
WMB,2025-05-05,2025-06-06,32,0.3420476,0.30664757,-0.03540003000000003,0.2131762582163433
WMB,2025-05-05,2025-05-30,25,0.34619793,0.30322963,-0.042968300000000015,0.22132013012700824
WMB,2025-05-05,2025-05-23,18,0.351569,0.3012765,-0.05029250000000002,0.23366847049090061
WMB,2025-05-05,2025-05-16,11,0.3945373,0.38965455,-0.004882749999999991,0.24858199449275634
WMB,2025-05-05,2025-05-09,4,0.46826702,0.5312547,0.06298767999999999,0.3053712091500283
ITUB,2025-05-08,2025-06-20,43,0.26953855,0.6718783,0.40233975000000005,0.3072741630774624
ITUB,2025-05-08,2025-05-16,8,0.34375656,1.1328168,0.7890602400000001,0.4459518083378587
RBLX,2025-05-01,2025-06-20,50,0.45361874,0.39990833,-0.05371041000000004,0.3644374560682591
RBLX,2025-05-01,2025-06-06,36,0.36902487,0.41382423,0.04479936000000001,0.3864562088964659
RBLX,2025-05-01,2025-05-30,29,0.50293463,0.40747663,-0.09545800000000004,0.38532418147203146
RBLX,2025-05-01,2025-05-23,22,0.48511258,0.41553319,-0.06957939000000002,0.39683834468083723
RBLX,2025-05-01,2025-05-16,15,0.45801324,0.3823304,-0.07568283999999997,0.4613339529447872
RBLX,2025-05-01,2025-05-09,8,0.4731498,0.33032897,-0.14282083,0.5954952573546436
RBLX,2025-05-01,2025-05-02,1,0.5507857,0.28906962,-0.26171608,0.4771305417618542
JCI,2025-05-07,2025-06-20,44,0.3171455,0.31030962,-0.006835880000000016,0.18713925534076334
JCI,2025-05-07,2025-05-16,9,0.372809,0.28052476,-0.09228424000000002,0.16594666389030993
BNS,2025-05-27,2025-07-18,52,0.16577983,0.164315,-0.0014648300000000003,0.09818342382410762
BNS,2025-05-27,2025-06-20,24,0.16846535,0.17432466,0.005859309999999979,0.10107192069043813
EPD,2025-04-29,2025-05-23,24,0.30957723,0.21533988,-0.09423734999999997,0.19933836490810858
EPD,2025-04-29,2025-05-16,17,0.32422552,0.2749096,-0.04931592000000001,0.20649564869176137
EPD,2025-04-29,2025-05-09,10,0.101571485,0.268562,0.166990515,0.2577519055223783
EPD,2025-04-29,2025-05-02,3,0.2109454,0.27735096,0.06640555999999997,0.26495273209441605
ADSK,2025-05-22,2025-07-18,57,0.4757743,0.28397322,-0.19180107999999996,0.14427115457086817
ADSK,2025-05-22,2025-06-27,36,0.38403937,0.26813477,-0.11590459999999997,0.14427115457086817
ADSK,2025-05-22,2025-06-20,29,0.5075123,0.28565168,-0.22186062,0.1277834358008772
ADSK,2025-05-22,2025-06-13,22,0.37573865,0.28607893,-0.08965972,0.13331548401693374
ADSK,2025-05-22,2025-06-06,15,0.4261532,0.3617007,-0.06445250000000002,0.16122141548849575
ADSK,2025-05-22,2025-05-30,8,0.49780777,0.25940683,-0.23840094,0.23462634308979113
ADSK,2025-05-22,2025-05-23,1,1.660402,0.15650257,-1.50389943,
CNQ,2025-05-08,2025-06-20,43,0.35205725,0.32080758,-0.031249670000000007,0.29063011090256924
CNQ,2025-05-08,2025-05-30,22,0.33203793,0.44873598,0.11669805,0.31753971197983294
CNQ,2025-05-08,2025-05-23,15,0.45215392,0.33496758,-0.11718634,0.35636141311627734
CNQ,2025-05-08,2025-05-16,8,0.33496758,0.27735096,-0.05761662000000001,0.43186491918830966
CNQ,2025-05-08,2025-05-09,1,0.4277401,0.50195813,0.07421802999999999,0.31061759845195264
CM,2025-05-29,2025-07-18,50,0.1729819,0.2231523,0.050170400000000004,0.10081652749659231
CM,2025-05-29,2025-06-20,22,0.21387506,0.39160764,0.17773257999999997,0.09516212908849506
EOG,2025-05-01,2025-06-20,50,0.37683728,0.42114836,0.04431108,0.24866514497715403
EOG,2025-05-01,2025-05-30,29,0.316291,0.34058276,0.024291759999999996,0.20117570879516214
EOG,2025-05-01,2025-05-16,15,0.4526422,0.39795524,-0.05468696000000001,0.22638479423586422
EOG,2025-05-01,2025-05-02,1,0.66015965,0.5976603,-0.062499349999999954,0.2192376547520182
ING,2025-05-02,2025-06-20,49,0.28955787,0.33594415,0.04638628,0.26186519333259634
ING,2025-05-02,2025-05-16,14,0.33985037,0.3261786,-0.013671770000000028,0.37016333395934753
CNI,2025-05-01,2025-06-20,50,0.42603114,0.25855234,-0.16747879999999998,0.26298439275332397
CNI,2025-05-01,2025-05-16,15,0.24365991,0.2973703,0.05371038999999997,0.3878657254782508
NET,2025-05-08,2025-06-20,43,0.6777376,0.39380488,-0.28393272,0.38806705350684845
NET,2025-05-08,2025-06-13,36,0.6794466,0.35925934,-0.32018726000000003,0.3985061600975706
NET,2025-05-08,2025-06-06,29,0.73327905,0.35571933,-0.37755972000000004,0.360481151082226
NET,2025-05-08,2025-05-30,22,0.4104063,0.43774977,0.02734346999999998,0.3959189709492485
NET,2025-05-08,2025-05-23,15,0.43189046,0.3823304,-0.04956005999999996,0.4491762246970504
NET,2025-05-08,2025-05-16,8,1.1220747,0.33594415,-0.78613055,0.4577920461853907
NET,2025-05-08,2025-05-09,1,2.0322316,0.28028065,-1.75195095,0.4653721577989758
EQNR,2025-04-30,2025-06-20,51,0.31445998,0.31250688,-0.0019530999999999854,0.31056415812716276
EQNR,2025-04-30,2025-05-16,16,0.3613345,0.3662173,0.0048828000000000205,0.30038175837560027
VST,2025-05-07,2025-06-20,44,0.5826458,0.628971,0.046325199999999955,0.4632496438733429
VST,2025-05-07,2025-06-13,37,0.5197802,0.59155685,0.07177665,0.493678760836925
VST,2025-05-07,2025-06-06,30,0.50818366,0.58032644,0.07214277999999996,0.5092062727885207
VST,2025-05-07,2025-05-30,23,0.5037891,0.52393055,0.020141450000000005,0.5267168172810428
VST,2025-05-07,2025-05-23,16,0.5327195,0.60644925,0.07372975000000004,0.584252929017785
VST,2025-05-07,2025-05-16,9,0.55981886,0.6232948,0.06347594000000001,0.6622973114411443
VST,2025-05-07,2025-05-09,2,0.5993692,0.528325,-0.0710442,0.4340124276574062
HLT,2025-04-29,2025-07-18,80,0.3390264,0.27411616,-0.06491024000000001,0.2485441457054885
HLT,2025-04-29,2025-06-20,52,0.32947448,0.30487755,-0.024596930000000017,0.25048952401131186
HLT,2025-04-29,2025-05-16,17,0.3466862,0.34979898,0.0031127799999999817,0.2729024024598382
APD,2025-05-01,2025-06-20,50,0.27918202,0.25824717,-0.02093484999999995,0.1988109372353549
APD,2025-05-01,2025-05-16,15,0.3388738,0.48828638,0.14941258000000002,0.23488355361328478
CARR,2025-05-01,2025-06-20,50,0.33789724,0.3325262,-0.005371039999999994,0.38915645459484793
CARR,2025-05-01,2025-05-16,15,0.33789724,0.3298407,-0.008056540000000001,0.5307753143924682
MRVL,2025-05-29,2025-07-18,50,0.64111686,0.51965815,-0.12145870999999997,0.5696412650554858
MRVL,2025-05-29,2025-07-03,35,0.7038604,0.54053193,-0.16332847000000006,0.5696412650554858
MRVL,2025-05-29,2025-06-27,29,0.73633075,0.52270985,-0.2136209,0.5696412650554858
MRVL,2025-05-29,2025-06-20,22,0.78149635,0.5148974,-0.26659895,0.5592564374393988
MRVL,2025-05-29,2025-06-13,15,0.8417985,0.5249071,-0.31689140000000005,0.5292500521267295
MRVL,2025-05-29,2025-06-06,8,1.0024464,0.48291534,-0.5195310599999999,0.6473135259532352
MRVL,2025-05-29,2025-05-30,1,1.7763683,0.27539787,-1.50097043,0.49103706040552886
BCS,2025-04-30,2025-06-20,51,0.45313048,0.40967387,-0.04345661000000001,0.21066471321429242
BCS,2025-04-30,2025-05-16,16,0.45117736,0.43945873,-0.011718630000000008,0.19924811063022954
WDAY,2025-05-22,2025-07-18,57,0.44708806,0.4199277,-0.027160359999999995,0.5121496074292011
WDAY,2025-05-22,2025-06-27,36,0.45184875,0.422247,-0.029601750000000038,0.5121496074292011
WDAY,2025-05-22,2025-06-20,29,0.49854016,0.45313048,-0.04540968000000001,0.526180909091543
WDAY,2025-05-22,2025-06-13,22,0.5157519,0.30042204,-0.21532986000000004,0.5873081648596872
WDAY,2025-05-22,2025-06-06,15,0.5430344,0.4904836,-0.05255080000000001,0.6873886801351258
WDAY,2025-05-22,2025-05-30,8,0.68262035,0.54297334,-0.13964701000000002,0.9433917698561902
WDAY,2025-05-22,2025-05-23,1,1.3667024,0.4660698,-0.9006326000000001,1.6478960592818284
CRH,2025-05-05,2025-06-20,46,0.3581607,0.34009448,-0.01806622000000002,0.2812713444432009
CRH,2025-05-05,2025-05-30,25,0.32056344,0.39209592,0.07153248000000001,0.32377946001946806
CRH,2025-05-05,2025-05-23,18,0.31934273,0.34790692,0.02856418999999999,0.32430526523563813
CRH,2025-05-05,2025-05-16,11,0.46777877,0.32324895,-0.14452982000000003,0.38016244587399134
CRH,2025-05-05,2025-05-09,4,0.58350027,0.3930725,-0.19042777000000005,0.4180818968195713
CSX,2025-04-16,2025-05-02,16,,0.36719382,,0.19885714312131858
AZO,2025-05-27,2025-07-18,52,0.29851088,0.24386208,-0.05464879999999997,0.1967866267833776
AZO,2025-05-27,2025-06-20,24,0.22729884,0.2702023,0.042903460000000004,0.1918793020932614
SPG,2025-05-12,2025-06-20,39,0.25489026,0.23682404,-0.018066219999999966,0.2887742711074626
SPG,2025-05-12,2025-05-16,4,0.49341327,0.3676821,-0.12573117,0.6517425377565704
LYG,2025-05-01,2025-05-16,15,0.9218758,0.87500125,-0.04687455000000007,0.43868945008522403
AXON,2025-05-07,2025-06-20,44,0.53815156,0.39684135,-0.14131021,0.43601293425569615
AXON,2025-05-07,2025-05-16,9,0.8899547,0.42709923,-0.46285547,0.7299953306981998
ROP,2025-04-28,2025-05-16,18,0.36972675,0.33856863,-0.03115812000000001,0.16160005608294511
MNST,2025-05-08,2025-06-20,43,0.34009448,0.2487868,-0.09130767999999997,0.17605729229673658
MNST,2025-05-08,2025-06-06,29,0.37549454,0.25537854,-0.120116,0.1733855652142375
MNST,2025-05-08,2025-05-30,22,0.40381455,0.2793041,-0.12451045,0.18772487612484778
MNST,2025-05-08,2025-05-16,8,0.5659223,0.4335994,-0.13232289999999997,0.2970828596983107
MNST,2025-05-08,2025-05-09,1,1.0742234,0.44727114,-0.6269522599999999,
AEM,2025-04-24,2025-05-16,22,0.3835511,0.3665835,-0.01696759999999997,0.5057479209099549
AEM,2025-04-24,2025-05-02,8,0.52393055,0.34180346,-0.18212709,0.3159040421694794
DLR,2025-04-24,2025-06-06,43,0.381598,0.32764345,-0.05395454999999999,0.1611032468461988
REGN,2025-04-29,2025-05-16,17,0.31409377,0.42255217,0.10845840000000001,0.6944855406010783
REGN,2025-04-29,2025-05-09,10,0.45044494,0.42001924,-0.0304257,0.668616717951713
REGN,2025-04-29,2025-05-02,3,0.57715267,0.49060568,-0.08654699000000005,0.8478323707461687
NXPI,2025-04-28,2025-05-16,18,0.52100086,0.44165596,-0.0793449,0.524364616827292
NXPI,2025-04-28,2025-05-09,11,0.53613746,0.5022023,-0.033935159999999964,0.48021598183346886
NXPI,2025-04-28,2025-05-02,4,0.73169214,0.47754428,-0.25414786000000006,0.6463260018617203
ARES,2025-05-05,2025-06-20,46,0.38843384,0.29938444,-0.0890494,0.2943252514709613
ARES,2025-05-05,2025-05-16,11,0.46631393,0.45044494,-0.01586898999999997,0.3715957678092503
FDX,2025-06-24,2025-07-25,31,0.5137378,0.28443098,-0.22930682000000002,
FDX,2025-06-24,2025-07-18,24,0.43774977,0.27643546,-0.16131430999999996,
FDX,2025-06-24,2025-07-11,17,0.4913381,0.27808338,-0.21325472,
FDX,2025-06-24,2025-07-03,9,0.6506383,0.2978586,-0.35277970000000003,
FDX,2025-06-24,2025-06-27,3,0.8681654,0.32251653,-0.54564887,
COR,2025-05-07,2025-06-20,44,0.31787792,0.3128731,-0.005004819999999965,0.29542338854806305
COR,2025-05-07,2025-05-16,9,0.31812206,0.38098764,0.06286558000000003,0.5463950513449054
PWR,2025-05-01,2025-06-20,50,0.43204305,0.38730472,-0.04473832999999999,0.32681409753899915
PWR,2025-05-01,2025-05-16,15,0.46704635,0.41657078,-0.050475570000000025,0.4591254914351519
CHTR,2025-04-25,2025-05-16,21,0.41687596,0.425787,0.008911040000000037,0.45043067943065546
DB,2025-04-29,2025-07-18,80,0.33350277,0.33740896,0.003906189999999976,0.26796120024992615
DB,2025-04-29,2025-06-20,52,0.33008483,0.32910827,-0.0009765600000000152,0.27156080587435705
DB,2025-04-29,2025-05-16,17,0.4335994,0.42285734,-0.010742059999999998,0.24722018002589705
AFL,2025-04-30,2025-05-16,16,0.55273885,0.2741772,-0.27856165,0.26892781803836846
AFL,2025-04-30,2025-05-09,9,0.37329727,0.2251054,-0.14819187,0.31833307359075386
AFL,2025-04-30,2025-05-02,2,0.66894865,0.8417985,0.17284984999999997,0.5570104605776177
TEAM,2025-05-01,2025-06-20,50,0.5027515,0.50195813,-0.0007933700000000155,0.4539253010607601
TEAM,2025-05-01,2025-06-06,36,0.7719749,0.5042774,-0.26769750000000003,0.4784843399055817
TEAM,2025-05-01,2025-05-30,29,0.8106098,0.501775,-0.3088348000000001,0.5028201964133181
TEAM,2025-05-01,2025-05-23,22,0.7817405,0.4984181,-0.2833224,0.5203403052137539
TEAM,2025-05-01,2025-05-16,15,0.54053193,0.5284471,-0.012084830000000046,0.6078357719548563
TEAM,2025-05-01,2025-05-09,8,1.0415087,0.5432175,-0.49829120000000005,0.5745849929845533
TEAM,2025-05-01,2025-05-02,1,2.4514198,0.5170947,-1.9343251000000001,1.0945234019291472
MFC,2025-05-07,2025-06-20,44,0.26123786,0.2563551,-0.004882759999999986,0.21105774126398888
MFC,2025-05-07,2025-05-16,9,0.43848217,0.34766278,-0.09081939,0.2180829331624044
NWG,2025-05-02,2025-06-20,49,0.38379523,0.3925842,0.008788970000000007,0.2240310120819893
NWG,2025-05-02,2025-05-16,14,0.4355525,0.48047394,0.04492143999999998,0.22206432979887933
MET,2025-04-30,2025-07-18,79,0.31445998,0.28150132,-0.03295865999999997,0.20249795879827223
MET,2025-04-30,2025-06-20,51,0.2484206,0.29761446,0.049193860000000034,0.2052518103730639
MET,2025-04-30,2025-05-16,16,0.32593447,0.29834685,-0.02758761999999998,0.2230453193761677
MPC,2025-05-06,2025-06-06,31,0.33667657,0.3258124,-0.010864170000000006,0.2987937640136737
MPC,2025-05-06,2025-05-30,24,0.33362484,0.3206855,-0.012939339999999966,0.29377225358474807
MPC,2025-05-06,2025-05-23,17,0.3416814,0.3700014,0.028319999999999956,0.30271714524396637
MPC,2025-05-06,2025-05-16,10,0.3909973,0.37818006,-0.012817240000000008,0.2861942427167515
DDOG,2025-05-06,2025-06-20,45,0.46533737,0.43860424,-0.026733129999999994,0.3952547006219803
DDOG,2025-05-06,2025-06-13,38,0.4865774,0.35767245,-0.12890495000000002,0.3992939520270007
DDOG,2025-05-06,2025-06-06,31,0.44165596,0.4135801,-0.028075860000000008,0.4172223810569395
DDOG,2025-05-06,2025-05-30,24,0.48315945,0.4372615,-0.045897949999999965,0.47496889683496757
DDOG,2025-05-06,2025-05-23,17,0.48877466,0.4482477,-0.04052696,0.5398423911458874
DDOG,2025-05-06,2025-05-16,10,0.5114795,0.4687553,-0.04272419999999999,0.6807147236851135
DDOG,2025-05-06,2025-05-09,3,0.56616646,0.4668022,-0.09936426000000004,0.3380319614161788
LNG,2025-05-08,2025-06-20,43,0.3695742,0.3680483,-0.0015259000000000245,0.257261741657899
LNG,2025-05-08,2025-05-16,8,0.3281317,0.5145312,0.18639949999999994,0.15830692887137462
PAYX,2025-06-25,2025-07-18,23,0.24585715,0.20374331,-0.042113839999999986,
CTVA,2025-05-07,2025-06-20,44,0.37427384,0.23194127,-0.14233257000000002,0.2186374857437497
CTVA,2025-05-07,2025-05-16,9,0.60937893,0.3330145,-0.27636443,0.3713958439814242
ALL,2025-04-30,2025-07-18,79,0.31671825,0.27130857,-0.04540967999999995,0.20068443387885196
ALL,2025-04-30,2025-06-20,51,0.32904723,0.24573508,-0.08331215000000003,0.1993013330669667
ALL,2025-04-30,2025-05-16,16,0.4032042,0.40186146,-0.001342740000000009,0.15646951031774953
O,2025-05-05,2025-06-20,46,0.22412886,0.22364058,-0.0004882800000000076,0.13852150143493797
O,2025-05-05,2025-05-16,11,0.28613997,0.25293717,-0.03320280000000003,0.17690433761498514
PSA,2025-04-30,2025-06-20,51,0.2542494,0.32074654,0.06649714000000001,0.18601856115501503
PSA,2025-04-30,2025-05-16,16,0.27436027,0.40845317,0.13409289999999996,0.18458303718720293
PSX,2025-04-25,2025-05-30,35,0.49438983,0.3361883,-0.15820152999999998,0.43905427154956905
PSX,2025-04-25,2025-05-23,28,0.5284471,0.35718417,-0.17126292999999992,0.4714467226304688
PSX,2025-04-25,2025-05-16,21,0.47180703,0.36316556,-0.10864147000000002,0.3953291365551689
PSX,2025-04-25,2025-05-09,14,0.41968355,0.40698835,-0.012695200000000018,0.2799030068950808
PSX,2025-04-25,2025-05-02,7,0.45874566,0.3823304,-0.07641525999999998,0.29120355641644013
AMP,2025-04-24,2025-09-19,148,0.36188382,0.34006396,-0.021819860000000024,0.21684677587504206
AMP,2025-04-24,2025-06-20,57,0.33641717,0.35013467,0.013717499999999994,0.21645590580816196
URI,2025-04-23,2025-05-16,23,0.4874624,0.4309444,-0.05651800000000001,0.4471931893791557
OKE,2025-04-29,2025-06-20,52,0.36560693,0.31177446,-0.05383247000000002,0.29444309777473177
OKE,2025-04-29,2025-05-16,17,0.55102986,0.30811238,-0.24291747999999996,0.39168696383450846
PCAR,2025-04-29,2025-06-20,52,0.33545586,0.34741864,0.011962780000000006,0.24326937865670015
PCAR,2025-04-29,2025-05-16,17,0.32593447,0.34033862,0.014404150000000004,0.3043582101687867
GM,2025-04-29,2025-05-16,17,0.4379939,0.43652907,-0.0014648299999999725,0.3125334666441937
GM,2025-04-29,2025-05-09,10,0.50732917,0.4687553,-0.03857387000000001,0.31269088677075935
GM,2025-04-29,2025-05-02,3,0.6679721,0.64355826,-0.02441383999999991,0.2912830951058361
BDX,2025-05-01,2025-06-20,50,0.3985656,0.33936208,-0.05920352000000001,0.5853343415840442
BDX,2025-05-01,2025-05-16,15,0.58520925,0.4794974,-0.10571185,1.019093803558378
GWW,2025-05-01,2025-06-20,50,0.23015602,0.22868356,-0.001472459999999981,0.19943735773604462
GWW,2025-05-01,2025-05-16,15,0.23377231,0.36405054,0.13027822999999997,0.23940492580370787
TRP,2025-05-01,2025-05-16,15,0.24414818,0.20410952,-0.040038660000000004,0.28437788738133885
FLUT,2025-05-07,2025-06-20,44,0.4619805,0.44464666,-0.01733383999999999,0.3654429042236544
FLUT,2025-05-07,2025-05-16,9,0.33814138,0.50818366,0.17004228000000005,0.4467028208639235
ZS,2025-05-29,2025-07-18,50,0.40820906,0.32288274,-0.08532632000000001,0.4274144505067235
ZS,2025-05-29,2025-07-03,35,0.30860066,0.33032897,0.021728309999999973,0.4274144505067235
ZS,2025-05-29,2025-06-27,29,0.42548183,0.3523014,-0.07318043000000002,0.4274144505067235
ZS,2025-05-29,2025-06-20,22,0.44605047,0.28906962,-0.15698084999999995,0.4381936626210953
ZS,2025-05-29,2025-06-13,15,0.27710685,0.2804027,0.003295849999999989,0.49291733951036965
ZS,2025-05-29,2025-06-06,8,0.5981485,0.26074958,-0.33739892,0.5938954566365371
ZS,2025-05-29,2025-05-30,1,1.0656785,0.12696186,-0.93871664,1.1616332735491939
SRE,2025-05-08,2025-05-16,8,0.23731232,0.39551386,0.15820154,0.17091292468780409
D,2025-05-01,2025-06-20,50,0.27271235,0.2666089,-0.00610345000000001,0.19022004063797604
D,2025-05-01,2025-05-16,15,0.28272203,0.44434148,0.16161945,0.1713100460553433
AIG,2025-05-01,2025-06-20,50,0.2606275,0.25049576,-0.01013174,0.208912702145573
AIG,2025-05-01,2025-05-23,22,0.28101304,0.28687236,0.005859320000000001,0.21515071244873898
AIG,2025-05-01,2025-05-16,15,0.6206093,0.2583082,-0.36230110000000004,0.2370303007126666
AIG,2025-05-01,2025-05-09,8,0.52783674,0.28174546,-0.24609128000000002,0.24939348274806813
AIG,2025-05-01,2025-05-02,1,0.58789474,0.42676353,-0.16113120999999997,0.4789198538956587
CPRT,2025-05-22,2025-06-20,29,0.34863934,0.379889,0.031249659999999957,0.505280460278622
TGT,2025-05-21,2025-07-18,58,0.3830628,0.3689028,-0.014160000000000006,0.38035632828092003
TGT,2025-05-21,2025-06-27,37,0.3894104,0.362189,-0.027221400000000007,0.38035632828092003
TGT,2025-05-21,2025-06-20,30,0.37769178,0.3562076,-0.021484179999999964,0.3876755290613454
TGT,2025-05-21,2025-06-13,23,0.4035704,0.36475244,-0.038817959999999985,0.41369242778201587
TGT,2025-05-21,2025-06-06,16,0.3803773,0.37036762,-0.010009679999999965,0.40711190529575186
TGT,2025-05-21,2025-05-30,9,0.37378556,0.32593447,-0.04785109000000004,0.42322308031855754
TGT,2025-05-21,2025-05-23,2,0.41455662,0.31348342,-0.10107319999999997,0.6017213430121765
F,2025-05-05,2025-06-13,39,0.33203793,0.27735096,-0.05468697,0.2616088540796731
F,2025-05-05,2025-06-06,32,0.3574283,0.26367924,-0.09374906,0.2586151591506987
F,2025-05-05,2025-05-30,25,0.38477176,0.24610129,-0.13867047000000002,0.2152131266839154
F,2025-05-05,2025-05-23,18,0.40430284,0.2539137,-0.15038913999999998,0.22598855916501634
F,2025-05-05,2025-05-16,11,0.45313048,0.24219508,-0.2109354,0.2007463625651531
F,2025-05-05,2025-05-09,4,0.6679721,0.28906962,-0.37890247999999993,0.3039607779832472
VEEV,2025-05-28,2025-07-18,51,0.39697868,0.31684032,-0.08013835999999996,0.6803642840257307
VEEV,2025-05-28,2025-06-20,23,0.48627222,0.2887034,-0.19756881999999998,0.7004860431068561
JD,2025-05-13,2025-06-06,24,0.52734846,0.4335994,-0.09374906,0.3820467464882567
JD,2025-05-13,2025-05-30,17,0.4687553,0.42481044,-0.043944859999999974,0.4213123956361079
KR,2025-06-20,2025-07-25,35,0.26221442,0.31030962,0.048095200000000005,0.7417268921084378
KR,2025-06-20,2025-07-18,28,0.26563233,0.24439232,-0.02124001000000003,0.7417268921084378
KR,2025-06-20,2025-07-11,21,0.27661857,0.25342545,-0.02319312000000001,0.7417268921084378
KR,2025-06-20,2025-07-03,13,0.33399102,0.2736889,-0.060302120000000015,0.7417268921084378
KR,2025-06-20,2025-06-27,7,0.34180346,0.20508607,-0.13671739,0.7417268921084378
CMI,2025-05-05,2025-06-20,46,0.33606622,0.3369817,0.0009154799999999685,0.2903490303711687
CMI,2025-05-05,2025-05-16,11,0.43927562,0.36963522,-0.06964039999999999,0.39887647229409506
GLW,2025-04-29,2025-05-30,31,0.33545586,0.33594415,0.0004882900000000023,0.2121097950946442
GLW,2025-04-29,2025-05-23,24,0.42041594,0.40234974,-0.018066199999999977,0.20258319312528378
GLW,2025-04-29,2025-05-16,17,0.3930725,0.36817038,-0.024902119999999972,0.2289767878154584
GLW,2025-04-29,2025-05-09,10,0.36426416,0.39844352,0.03417935999999999,0.16420091328285083
GLW,2025-04-29,2025-05-02,3,0.45313048,0.47852084,0.02539036,0.15258884892278393
FICO,2025-04-29,2025-05-16,17,0.51988703,0.36855185,-0.15133518,0.17605639394044065
FERG,2025-06-03,2025-07-18,45,0.27832752,0.28607893,0.007751410000000014,0.6917285872404515
FERG,2025-06-03,2025-06-20,17,0.2887034,0.48010772,0.19140432000000002,0.717298466201468
CCEP,2025-06-27,2025-07-18,21,0.2199785,0.25342545,0.03344695,
IDXX,2025-05-01,2025-06-20,50,0.37158832,0.37183246,0.0002441399999999483,0.3118611110392522
IDXX,2025-05-01,2025-05-16,15,0.33154964,0.30921102,-0.022338619999999976,0.4171204799899846
TTWO,2025-05-15,2025-06-27,43,0.39050904,0.2636182,-0.12689083999999995,0.2569401272145485
TTWO,2025-05-15,2025-06-20,36,0.39160764,0.3638369,-0.02777073999999996,0.25949758349837676
TTWO,2025-05-15,2025-06-13,29,0.41968355,0.32111275,-0.09857080000000001,0.2549146317088569
TTWO,2025-05-15,2025-06-06,22,0.36426416,0.2796703,-0.08459386000000002,0.2829271939636494
TTWO,2025-05-15,2025-05-30,15,0.47571325,0.27820545,-0.19750779999999996,0.3375915149562418
TTWO,2025-05-15,2025-05-23,8,0.5612837,0.2899241,-0.27135960000000003,0.4193301226231965
TTWO,2025-05-15,2025-05-16,1,1.021001,0.28760478,-0.73339622,0.4119178680859071
EXC,2025-05-01,2025-06-20,50,0.1840902,0.20996884,0.02587863999999998,0.21031968029115763
EXC,2025-05-01,2025-05-16,15,0.17334811,0.23487093,0.061522820000000006,0.27331059064079627
ALNY,2025-05-01,2025-06-20,50,0.43720046,0.3917297,-0.04547076,0.4155511240806817
ALNY,2025-05-01,2025-05-16,15,0.40698835,0.3491276,-0.057860750000000016,0.6532591710949777
OXY,2025-05-07,2025-06-20,44,0.432867,0.38403937,-0.04882763000000001,0.33374456160556354
OXY,2025-05-07,2025-06-06,30,0.4731498,0.41162696,-0.06152284000000002,0.35091258081523613
OXY,2025-05-07,2025-05-30,23,0.43506426,0.39942008,-0.03564417999999997,0.33819265757778405
OXY,2025-05-07,2025-05-23,16,0.45996633,0.44092357,-0.019042759999999992,0.3723511912404742
OXY,2025-05-07,2025-05-16,9,0.50488776,0.38526005,-0.11962771,0.4238481688458625
OXY,2025-05-07,2025-05-09,2,0.54883265,0.31250688,-0.23632577000000005,0.5414897195983892
ROST,2025-05-22,2025-06-27,36,0.33313656,0.26599854,-0.06713802000000002,0.41201422264483195
ROST,2025-05-22,2025-06-20,29,0.36524072,0.22559369,-0.13964703,0.421457515457319
ROST,2025-05-22,2025-06-13,22,0.3570621,0.19251296,-0.16454913999999998,0.47588356786067454
ROST,2025-05-22,2025-06-06,15,0.40454698,0.25855234,-0.14599464,0.5796171632533763
ROST,2025-05-22,2025-05-30,8,0.49756363,0.27637443,-0.22118919999999997,0.803297289090895
ROST,2025-05-22,2025-05-23,1,1.0053761,0.16016465,-0.8452114500000001,1.1317766409760168
FIS,2025-05-06,2025-05-30,24,0.2717358,0.2563551,-0.015380700000000025,0.2690728556853227
FIS,2025-05-06,2025-05-23,17,0.27539787,0.2551344,-0.020263470000000006,0.26615481619793263
FIS,2025-05-06,2025-05-09,3,0.365729,0.3203193,-0.04540970000000005,0.41340182917621954
CBRE,2025-04-24,2025-05-16,22,0.45068908,0.36231107,-0.08837801,0.2926021565397221
VRSK,2025-05-07,2025-06-20,44,0.2896189,0.23914336,-0.05047554000000001,0.18827809437364101
VRSK,2025-05-07,2025-05-16,9,0.26599854,0.36109036,0.09509182,0.3140842837528803
AME,2025-05-01,2025-06-20,50,0.33814138,0.24164577,-0.09649560999999998,0.1930465084865131
AME,2025-05-01,2025-05-16,15,0.31018755,0.31543654,0.005248990000000009,0.24570677825375675
YUM,2025-04-30,2025-07-18,79,0.22736369,0.20447573,-0.022887960000000013,0.15395601903643638
YUM,2025-04-30,2025-06-20,51,0.31299517,0.21338677,-0.09960839999999999,0.14836943988170098
YUM,2025-04-30,2025-05-16,16,0.24549094,0.24219508,-0.003295859999999984,0.17308410598726406
WPM,2025-05-08,2025-06-20,43,0.37695935,0.36011383,-0.016845520000000003,0.4192083269007662
WPM,2025-05-08,2025-06-06,29,0.3791566,0.3823304,0.0031738000000000044,0.4934349091595656
WPM,2025-05-08,2025-05-23,15,0.40772077,0.43457597,0.026855199999999968,0.5849165939800299
WPM,2025-05-08,2025-05-16,8,0.4296932,0.37500626,-0.05468694000000002,0.7043868496889382
WPM,2025-05-08,2025-05-09,1,0.59961337,0.42188078,-0.17773259000000002,0.7743858777905132
IMO,2025-05-02,2025-06-20,49,0.39160764,0.29321995,-0.09838768999999997,0.20263120448239552
IMO,2025-05-02,2025-05-16,14,0.6279334,0.37695935,-0.25097404999999995,0.20256803237498328
GRMN,2025-04-30,2025-06-20,51,0.35718417,0.29810274,-0.059081430000000046,0.3226957563629808
GRMN,2025-04-30,2025-05-16,16,0.3068917,0.34229174,0.03540004000000002,0.47172489108779647
HMC,2025-05-13,2025-06-20,38,0.35449865,0.30322963,-0.051269020000000054,0.26623702304553964
FANG,2025-05-05,2025-06-20,46,0.38843384,0.4249325,0.036498660000000016,0.34243414317161314
FANG,2025-05-05,2025-06-06,32,0.43189046,0.37146625,-0.06042420999999998,0.3470011177801347
FANG,2025-05-05,2025-05-30,25,0.4530084,0.44006908,-0.012939319999999976,0.3183946013269835
FANG,2025-05-05,2025-05-16,11,0.48120636,0.5161181,0.034911740000000024,0.4008896702606418
FANG,2025-05-05,2025-05-09,4,0.6054727,0.5034229,-0.10204979999999997,0.48874835864000477
CVNA,2025-05-07,2025-06-20,44,0.7477442,0.5902751,-0.15746909999999992,0.5645408492761851
CVNA,2025-05-07,2025-06-13,37,0.7912008,0.5605513,-0.23064950000000006,0.5769170199822073
CVNA,2025-05-07,2025-06-06,30,0.8143329,0.584782,-0.2295509,0.516248314482191
CVNA,2025-05-07,2025-05-30,23,0.851625,0.5523116,-0.29931339999999995,0.5791787872922711
CVNA,2025-05-07,2025-05-23,16,0.92529374,0.5850872,-0.34020653999999995,0.6581088125473396
CVNA,2025-05-07,2025-05-16,9,1.1788981,0.5965617,-0.5823364000000001,0.7851947461673043
CVNA,2025-05-07,2025-05-09,2,1.8244637,0.6091348,-1.2153288999999998,1.2761961141496292
CCL,2025-06-24,2025-07-25,31,0.5253954,0.40381455,-0.12158084999999996,
CCL,2025-06-24,2025-07-18,24,0.5307664,0.35645175,-0.17431464999999996,
CCL,2025-06-24,2025-07-11,17,0.5185595,0.3574283,-0.16113119999999997,
CCL,2025-06-24,2025-07-03,9,0.36914694,0.34570968,-0.02343725999999996,
CCL,2025-06-24,2025-06-27,3,0.44336495,0.34375656,-0.09960838999999999,
DHI,2025-04-17,2025-05-30,43,0.3830628,0.3602359,-0.022826899999999983,0.29432770413426335
DHI,2025-04-17,2025-05-09,22,,0.3542545,,0.2675670512615446
PEG,2025-04-30,2025-06-20,51,0.25806406,0.21118952,-0.04687453999999999,0.2075489869176824
KVUE,2025-05-08,2025-06-20,43,0.2602613,0.25684336,-0.0034179399999999527,0.3252864572533632
KVUE,2025-05-08,2025-06-13,36,0.67480797,0.85839987,0.18359189999999992,0.3375412011556064
KVUE,2025-05-08,2025-06-06,29,0.35059243,0.2793041,-0.07128833000000001,0.3568100163600508
KVUE,2025-05-08,2025-05-30,22,0.22364058,0.21973437,-0.0039062099999999933,0.291912136890328
KVUE,2025-05-08,2025-05-23,15,0.18653157,0.2128985,0.026366929999999983,0.3258951296820147
KVUE,2025-05-08,2025-05-16,8,0.25977302,0.2851634,0.02539037999999999,0.37821825186080316
KVUE,2025-05-08,2025-05-09,1,0.41016215,0.4296932,0.019531049999999994,0.05506488840952458
CTSH,2025-04-30,2025-07-18,79,0.32605654,0.25208268,-0.07397386,0.2404285419471406
CTSH,2025-04-30,2025-06-20,51,0.3494938,0.31348342,-0.03601038000000001,0.24042266468527843
CTSH,2025-04-30,2025-05-16,16,0.45068908,0.31885448,-0.13183460000000002,0.22451023889760552
MCHP,2025-05-08,2025-06-20,43,0.5722699,0.42529872,-0.14697117999999998,0.5664861728207279
MCHP,2025-05-08,2025-06-06,29,0.53296363,0.52344227,-0.009521360000000034,0.629509469367382
MCHP,2025-05-08,2025-05-30,22,0.51172364,0.43506426,-0.07665938000000005,0.6957713111203319
MCHP,2025-05-08,2025-05-23,15,0.42871666,0.48828638,0.05956971999999999,0.7869113593478423
MCHP,2025-05-08,2025-05-16,8,0.8520523,0.46973187,-0.38232043,0.8414535104892495
MCHP,2025-05-08,2025-05-09,1,1.4003936,0.101571485,-1.2988221149999999,1.0869683820033464
CAH,2025-05-01,2025-06-20,50,0.28778788,0.33142757,0.04363969000000001,0.2287050152581388
CAH,2025-05-01,2025-06-13,43,0.3602359,0.30432823,-0.05590767000000002,0.2365429388724252
CAH,2025-05-01,2025-06-06,36,0.30066618,0.28772685,-0.012939330000000027,0.22070174722272057
CAH,2025-05-01,2025-05-30,29,0.261482,0.24817647,-0.013305529999999982,0.24191230305926126
CAH,2025-05-01,2025-05-16,15,0.24732198,0.58520925,0.33788727,0.29960465655713225
CAH,2025-05-01,2025-05-09,8,0.32959655,0.30835652,-0.021240029999999965,0.37993748141251404
CAH,2025-05-01,2025-05-02,1,0.3662173,0.67236656,0.3061492599999999,0.027534670183719554
XEL,2025-04-24,2025-06-20,57,0.26685303,0.2697827,0.0029296699999999953,0.22106154025982572
HEI,2025-05-27,2025-07-18,52,0.36310452,0.3256293,-0.037475219999999976,0.2763646136182894
HEI,2025-05-27,2025-06-20,24,0.3900818,0.32361516,-0.06646663999999997,0.2842177966861161
ROK,2025-05-07,2025-06-20,44,0.2625806,0.31580275,0.053222150000000024,0.3605862415753755
ROK,2025-05-07,2025-05-16,9,0.40930766,0.40503526,-0.0042724000000000095,0.5915184587248654
TCOM,2025-05-19,2025-06-20,32,0.46167532,0.37134418,-0.09033113999999998,0.4268461655397428
ABEV,2025-05-08,2025-06-20,43,0.39063108,0.29688203,-0.09374905,0.1828152367038003
ABEV,2025-05-08,2025-05-16,8,0.5312547,0.5859416,0.05468689999999998,0.043398935158175805
PRU,2025-04-30,2025-06-20,51,0.2681958,0.24365991,-0.024535889999999977,0.24061386755401615
PRU,2025-04-30,2025-05-16,16,0.46973187,0.38281867,-0.08691319999999997,0.24652296193933357
FER,2025-06-26,2025-07-18,22,0.56494576,1.006841,0.44189524000000013,
TRGP,2025-05-01,2025-06-20,50,0.34711346,0.4742484,0.12713494000000003,0.35586420474589503
TRGP,2025-05-01,2025-05-16,15,0.48535672,0.4533746,-0.03198212,0.4830800190434907
SYY,2025-04-29,2025-06-20,52,0.24036404,0.26709718,0.02673313999999999,0.16619166713498987
SYY,2025-04-29,2025-05-16,17,0.289802,0.38281867,0.09301667000000002,0.18033810635393732
CUK,2025-06-24,2025-07-18,24,0.500005,0.49219257,-0.007812430000000037,
FMX,2025-04-28,2025-05-16,18,0.3234931,0.32495794,0.0014648400000000228,0.24692789745199634
TTD,2025-05-08,2025-06-20,43,0.8120136,0.49890637,-0.31310723,0.9170315551850179
TTD,2025-05-08,2025-06-13,36,0.7211942,0.45044494,-0.27074926,0.9717774114229326
TTD,2025-05-08,2025-06-06,29,0.9277351,0.5058643,-0.4218708,1.0279676649981109
TTD,2025-05-08,2025-05-30,22,0.9873048,0.5004933,-0.48681149999999995,1.1331383776696313
TTD,2025-05-08,2025-05-23,15,0.97168,0.51758295,-0.45409705,1.2394375480280992
TTD,2025-05-08,2025-05-16,8,1.4160185,0.50879395,-0.90722455,1.6050195935411973
TTD,2025-05-08,2025-05-09,1,2.6445346,0.16211775,-2.48241685,
ETR,2025-04-29,2025-08-15,108,0.30957723,0.2998117,-0.009765529999999967,0.197566369048587
ETR,2025-04-29,2025-05-16,17,0.28955787,0.27002683,-0.01953104,0.21147501417045314
MPWR,2025-05-01,2025-06-20,50,0.5007069,0.5163012,0.015594300000000061,0.4897596553991479
MPWR,2025-05-01,2025-05-16,15,0.8205584,0.5627485,-0.25780990000000004,0.592224730999917
ED,2025-05-01,2025-06-20,50,0.22290817,0.20801573,-0.014892439999999979,0.23177414443596034
ED,2025-05-01,2025-05-16,15,0.26905027,0.3842835,0.11523323000000002,0.33072188670319913
BRO,2025-04-28,2025-06-20,53,0.34265795,0.33692068,-0.0057372700000000165,0.24633186827618153
BRO,2025-04-28,2025-05-16,18,0.38721317,0.40503526,0.017822090000000013,0.3205926013469968
HSY,2025-05-01,2025-06-20,50,0.25330338,0.26245853,0.00915515,0.2582813263906522
HSY,2025-05-01,2025-05-30,29,0.26306888,0.28931373,0.026244849999999986,0.2844607811372549
HSY,2025-05-01,2025-05-23,22,0.3139717,0.38574833,0.07177662999999995,0.265599503602107
HSY,2025-05-01,2025-05-16,15,0.41773042,0.30029997,-0.11743044999999996,0.2697087785415748
HSY,2025-05-01,2025-05-09,8,0.36670557,0.32373723,-0.042968339999999994,0.24334948602600934
HSY,2025-05-01,2025-05-02,1,0.5756878,0.20410952,-0.37157828,0.25276306329534365
VICI,2025-04-30,2025-06-20,51,0.29102272,0.2749096,-0.016113120000000036,0.1702018891477823
VICI,2025-04-30,2025-05-16,16,0.36524072,0.3203193,-0.044921420000000045,0.16634427402577023
EBAY,2025-04-30,2025-05-16,16,0.38867798,0.2807689,-0.10790907999999999,0.19927135159614814
EBAY,2025-04-30,2025-05-09,9,0.5505416,0.33106136,-0.21948023999999994,0.21895145293574303
EBAY,2025-04-30,2025-05-02,2,0.91992265,0.2646558,-0.65526685,0.1937265459163911
VMC,2025-04-30,2025-06-20,51,0.28229478,0.2837596,0.0014648199999999778,0.24584816411132412
VMC,2025-04-30,2025-05-16,16,0.3281317,0.33679864,0.008666939999999956,0.32249542356751076
IR,2025-05-01,2025-05-16,15,0.3554752,0.39551386,0.040038660000000004,0.3137039024606377
GEHC,2025-04-30,2025-06-20,51,0.39087522,0.36206692,-0.02880830000000001,0.32970276890078126
GEHC,2025-04-30,2025-06-06,37,0.3989318,0.31641307,-0.08251872999999998,0.3559987782639662
GEHC,2025-04-30,2025-05-30,30,0.42725182,0.39673454,-0.03051727999999998,0.3925727979262414
GEHC,2025-04-30,2025-05-16,16,0.37769178,0.35840484,-0.019286939999999975,0.46361832402235575
GEHC,2025-04-30,2025-05-09,9,0.50244635,0.45117736,-0.051268990000000014,0.4971999638309404
GEHC,2025-04-30,2025-05-02,2,0.40430284,0.5166064,0.11230356000000002,0.6950964259676659
CSGP,2025-04-29,2025-06-20,52,0.42407802,0.3076241,-0.11645391999999999,0.34009594355129513
CSGP,2025-04-29,2025-05-16,17,0.52734846,0.27661857,-0.25072989,0.39372725701545774
LYV,2025-05-01,2025-06-20,50,0.45667046,0.37622693,-0.08044352999999999,0.256006467393563
LYV,2025-05-01,2025-05-16,15,0.63354856,0.3549869,-0.27856166000000004,0.2192213419108147
A,2025-05-28,2025-07-18,51,0.39661247,0.33679864,-0.05981383000000001,0.23937734021112678
A,2025-05-28,2025-06-20,23,0.455816,0.32800964,-0.12780636,0.24652633866239462
EXR,2025-04-29,2025-06-20,52,0.31336135,0.30737996,-0.005981389999999975,0.20976896039833343
EXR,2025-04-29,2025-05-16,17,0.3720766,0.3577945,-0.014282099999999964,0.21825090460606175
MLM,2025-04-30,2025-05-16,16,0.34369552,0.28882548,-0.05487003999999995,0.25634095883549274
ACGL,2025-04-29,2025-05-16,17,0.35254553,0.31348342,-0.03906210999999998,0.337592675158504
WEC,2025-05-06,2025-06-20,45,0.21411918,0.20679504,-0.007324139999999979,0.18780497156267464
WEC,2025-05-06,2025-05-16,10,0.24219508,0.15039912,-0.09179596000000001,0.2526702616937758
ARGX,2025-05-08,2025-05-16,8,0.5111743,0.57281923,0.06164493000000004,0.7356041058091112
DXCM,2025-05-01,2025-06-20,50,0.55737746,0.3811097,-0.17626776,0.44820370647514607
DXCM,2025-05-01,2025-06-06,36,0.61987686,0.47144082,-0.14843604,0.48944865783439734
DXCM,2025-05-01,2025-05-30,29,0.27783924,0.4060118,0.12817256,0.5457462318306393
DXCM,2025-05-01,2025-05-23,22,0.42383388,0.37695935,-0.04687452999999997,0.579630248072656
DXCM,2025-05-01,2025-05-16,15,0.7893087,0.35205725,-0.43725145,0.667637998260925
DXCM,2025-05-01,2025-05-09,8,0.9838869,0.33789724,-0.64598966,0.8618937183648149
DXCM,2025-05-01,2025-05-02,1,1.942383,0.41699803,-1.52538497,
ANSS,2025-04-30,2025-06-20,51,0.37909555,0.34863934,-0.030456209999999984,0.2286708417472611
ANSS,2025-04-30,2025-05-16,16,0.5736737,0.5944865,0.020812800000000076,0.22838206071381764
XYL,2025-04-29,2025-06-20,52,0.2807689,0.24781026,-0.032958639999999984,0.2005112233539007
XYL,2025-04-29,2025-05-16,17,0.33521172,0.34680828,0.011596560000000034,0.2550189068289876
FNV,2025-05-08,2025-06-20,43,0.3096993,0.30817342,-0.001525880000000035,0.34623984278258096
FNV,2025-05-08,2025-05-16,8,0.30957723,0.24512474,-0.06445248999999997,0.4898917771335109
CCJ,2025-05-01,2025-06-20,50,0.5351609,0.41895112,-0.11620978000000004,0.489549333096338
CCJ,2025-05-01,2025-05-30,29,0.507085,0.43262285,-0.07446215,0.4619877800594634
CCJ,2025-05-01,2025-05-23,22,0.5102588,0.47119668,-0.039062120000000033,0.4799607466790802
CCJ,2025-05-01,2025-05-16,15,0.52002436,0.41162696,-0.10839739999999998,0.3431119552685762
CCJ,2025-05-01,2025-05-09,8,0.50830567,0.4091856,-0.09912007000000006,0.30246358377188914
CCJ,2025-05-01,2025-05-02,1,0.52734846,0.908204,0.38085554,0.27486064781300856
EL,2025-05-01,2025-06-20,50,0.4782767,0.53662574,0.05834903999999996,0.4548140104728664
EL,2025-05-01,2025-06-06,36,0.41138285,0.50146985,0.09008699999999997,0.39963445715137946
EL,2025-05-01,2025-05-30,29,0.5170947,0.50537604,-0.011718659999999992,0.42231585843348063
EL,2025-05-01,2025-05-23,22,0.5219774,0.69726866,0.17529125999999995,0.3986835951119826
EL,2025-05-01,2025-05-16,15,0.47266153,0.5268602,0.054198670000000004,0.42633195886811354
EL,2025-05-01,2025-05-09,8,0.5571333,0.63476926,0.07763595999999995,0.3331252518142547
EL,2025-05-01,2025-05-02,1,1.1679729,0.47461462,-0.6933582800000001,0.2970223207979402
NUE,2025-04-28,2025-06-06,39,0.4360408,0.5549361,0.11889530000000004,0.39337191864595955
NUE,2025-04-28,2025-05-16,18,0.48511258,0.4892629,0.004150319999999985,0.30152972434595265
NUE,2025-04-28,2025-05-09,11,0.27905995,0.5075733,0.22851335,0.276866558750827
NUE,2025-04-28,2025-05-02,4,0.5859416,0.44385323,-0.14208836999999996,0.16188794823540723
STX,2025-04-29,2025-05-16,17,0.5166064,0.4052794,-0.11132700000000001,0.5212195905980549
STX,2025-04-29,2025-05-09,10,0.55859816,0.4135801,-0.14501805999999995,0.5909830567414956
STX,2025-04-29,2025-05-02,3,0.8959971,0.47266153,-0.42333557,0.8869143949918052
KHC,2025-04-29,2025-05-16,17,0.2480544,0.25977302,0.011718620000000013,0.18032537062965903
KHC,2025-04-29,2025-05-09,10,0.29004616,0.36231107,0.07226491000000002,0.1625025647892081
KHC,2025-04-29,2025-05-02,3,0.31445998,0.39649042,0.08203044000000004,0.20831549404070224
QSR,2025-05-08,2025-06-20,43,0.24756612,0.2378006,-0.00976552,0.2047992593159399
QSR,2025-05-08,2025-05-16,8,0.26905027,0.25684336,-0.01220690999999996,0.25486913800024424
NRG,2025-05-12,2025-06-20,39,0.44830874,0.44336495,-0.0049437900000000035,0.7474723821295508
NRG,2025-05-12,2025-05-16,4,0.39673454,0.46533737,0.06860282999999995,1.592821772061747
DD,2025-05-02,2025-06-20,49,0.27893788,0.29883513,0.019897249999999977,0.3087970614418052
DD,2025-05-02,2025-06-13,42,0.36963522,0.44141182,0.07177660000000002,0.32197635858188833
DD,2025-05-02,2025-06-06,35,0.33472344,0.26636475,-0.06835869,0.3317675094718694
DD,2025-05-02,2025-05-30,28,0.3330145,0.3151924,-0.017822100000000007,0.3597313642001594
DD,2025-05-02,2025-05-23,21,0.31543654,0.27320063,-0.04223590999999999,0.36725039028947315
DD,2025-05-02,2025-05-16,14,0.31738964,0.33936208,0.021972440000000037,0.43651078210064637
DD,2025-05-02,2025-05-09,7,0.34863934,0.38867798,0.04003863999999996,0.31448517009348215
IT,2025-05-06,2025-06-20,45,0.2638013,0.3498295,0.0860282,0.195866606687778
LPLA,2025-05-08,2025-06-20,43,0.3987487,0.37073383,-0.028014870000000025,0.29053252906018756
LPLA,2025-05-08,2025-05-16,8,0.3566959,0.37134418,0.014648280000000014,0.3875092015775178
RYAAY,2025-05-19,2025-06-20,32,0.38721317,0.60303134,0.21581817000000003,0.33652286718314145
WTW,2025-04-24,2025-07-18,85,0.2678601,0.28613997,0.01827987000000003,0.22266624133430019
WTW,2025-04-24,2025-06-20,57,0.30768514,0.27704582,-0.030639320000000025,0.22108014923333222
WTW,2025-04-24,2025-05-16,22,0.56372505,0.28894755,-0.27477749999999995,0.28568248961754195
STZ,2025-07-01,2025-07-25,24,0.4202939,0.32166207,-0.09863182999999998,
STZ,2025-07-01,2025-07-18,17,0.5562788,0.24915302,-0.30712577999999996,
STZ,2025-07-01,2025-07-11,10,0.50659674,0.30359584,-0.20300089999999998,
STZ,2025-07-01,2025-07-03,2,0.8273943,0.43970287,-0.38769143,
TW,2025-04-30,2025-06-20,51,0.31574172,0.33191586,0.016174140000000004,0.22886184685322936
TW,2025-04-30,2025-05-16,16,0.30640343,0.27869374,-0.027709689999999954,0.2803813350097601
OWL,2025-05-01,2025-06-20,50,0.45996633,0.44727114,-0.012695189999999967,0.3314285924803146
OWL,2025-05-01,2025-05-16,15,0.462896,0.52734846,0.06445246000000004,0.4497482415292271
BIDU,2025-05-21,2025-07-18,58,0.39942008,0.4162656,0.016845520000000003,0.2843755514138729
BIDU,2025-05-21,2025-06-27,37,0.39722282,0.36939108,-0.027831739999999994,0.2843755514138729
BIDU,2025-05-21,2025-06-20,30,0.399298,0.34229174,-0.057006259999999975,0.28935463861071115
BIDU,2025-05-21,2025-06-13,23,0.4021056,0.39990833,-0.002197270000000029,0.30696937861972584
BIDU,2025-05-21,2025-06-06,16,0.395758,0.33179379,-0.06396421000000002,0.3121831823871253
BIDU,2025-05-21,2025-05-30,9,0.37695935,0.29102272,-0.08593663000000001,0.33307105867595793
BIDU,2025-05-21,2025-05-23,2,0.42041594,0.37695935,-0.04345658999999996,0.26298745034226856
WDS,2025-06-30,2025-07-18,18,0.32715517,0.39844352,0.07128835,
IRM,2025-05-01,2025-06-20,50,0.40039662,0.31592482,-0.08447179999999999,0.22278242286048322
IRM,2025-05-01,2025-06-06,36,0.31616893,0.37061176,0.05444283,0.23702166468294325
IRM,2025-05-01,2025-05-30,29,0.4245663,0.37647107,-0.04809522999999999,0.2648532631398138
IRM,2025-05-01,2025-05-23,22,0.42188078,0.34058276,-0.08129802000000003,0.2867568814209903
IRM,2025-05-01,2025-05-16,15,0.42676353,0.32691103,-0.09985250000000001,0.23009360937887713
IRM,2025-05-01,2025-05-09,8,0.29956755,0.39038697,0.09081941999999998,0.2671417803563036
IRM,2025-05-01,2025-05-02,1,0.49121603,0.6445348,0.15331876999999994,0.1983200264634008
LULU,2025-06-05,2025-07-18,43,0.5072071,0.39819938,-0.10900772000000003,0.9589725598420616
LULU,2025-06-05,2025-07-11,36,0.5118457,0.401068,-0.11077769999999998,0.9589725598420616
LULU,2025-06-05,2025-07-03,28,0.5612837,0.42346767,-0.13781603000000003,0.9589725598420616
LULU,2025-06-05,2025-06-27,22,0.5787396,0.38379523,-0.19494437000000003,0.9589725598420616
LULU,2025-06-05,2025-06-20,15,0.66754484,0.3811097,-0.28643514000000003,0.9975368360554601
LULU,2025-06-05,2025-06-13,8,0.8186053,0.4032042,-0.41540109999999997,1.217846912208959
LULU,2025-06-05,2025-06-06,1,1.5491966,0.1931233,-1.3560732999999998,2.3381281667105336
NTR,2025-05-07,2025-06-20,44,0.3735414,0.2934641,-0.08007730000000002,0.2603364860014034
NTR,2025-05-07,2025-05-30,23,0.6049844,0.28662822,-0.31835618,0.2770943806704679
NTR,2025-05-07,2025-05-23,16,0.26807374,0.25781992,-0.010253820000000025,0.31119657929589384
NTR,2025-05-07,2025-05-16,9,0.5854534,0.22657023,-0.35888317000000003,0.3893275459598854
NTR,2025-05-07,2025-05-09,2,0.60937893,0.57715267,-0.03222625999999995,0.4069520087823342
HUBS,2025-05-08,2025-06-20,43,0.53131574,0.4085905,-0.12272524000000001,0.49755645299479895
HUBS,2025-05-08,2025-05-16,8,0.6971771,0.40814802,-0.28902908,0.9534493665042422
STM,2025-04-24,2025-07-18,85,0.4794974,0.46826702,-0.01123038000000004,0.48788986047529476
RDDT,2025-05-01,2025-06-20,50,0.87622195,0.761477,-0.11474495000000007,0.7505660212807397
RDDT,2025-05-01,2025-06-06,36,0.8751233,0.77661353,-0.09850977000000005,0.810155354349839
RDDT,2025-05-01,2025-05-30,29,0.91650474,0.62854373,-0.2879610100000001,0.801145249909556
RDDT,2025-05-01,2025-05-23,22,0.9616703,0.80859566,-0.15307463999999993,0.8103825395637306
RDDT,2025-05-01,2025-05-16,15,1.0620164,0.74780524,-0.31421116000000004,0.821247145077359
RDDT,2025-05-01,2025-05-09,8,1.310062,0.78418183,-0.5258801700000001,0.5520842941138364
RDDT,2025-05-01,2025-05-02,1,2.2905316,0.65039414,-1.64013746,0.6905198805499937
TSCO,2025-04-24,2025-05-16,22,0.41650975,0.3613345,-0.05517525000000001,0.26397687119410007
TSCO,2025-04-24,2025-05-09,15,0.40820906,0.38770142,-0.020507639999999994,0.25801642575186107
TSCO,2025-04-24,2025-05-02,8,0.4814505,0.45313048,-0.02832002,0.33930936194807887
HUM,2025-04-30,2025-06-20,51,0.5779461,0.5139209,-0.0640252,0.4350279389521883
HUM,2025-04-30,2025-05-30,30,0.67590654,0.5805706,-0.0953359399999999,0.5356874518054839
HUM,2025-04-30,2025-05-23,23,0.7219266,0.58758956,-0.13433704000000002,0.5832327608099644
HUM,2025-04-30,2025-05-16,16,0.7547632,0.6645541,-0.09020909999999993,0.5273627360454788
HUM,2025-04-30,2025-05-09,9,0.89563096,0.7012969,-0.19433405999999998,0.21473368276096264
HUM,2025-04-30,2025-05-02,2,0.759768,0.97656274,0.21679473999999999,0.31360262975667885
AVB,2025-04-30,2025-05-16,16,0.46912152,0.4572808,-0.011840720000000027,0.21912443247453425
GIS,2025-06-25,2025-07-18,23,0.21875781,0.16993017,-0.048827640000000005,
KEYS,2025-05-20,2025-07-18,59,0.31000447,0.3167793,0.0067748300000000095,0.19375362427649803
KEYS,2025-05-20,2025-06-20,31,0.44751528,0.31384963,-0.13366565000000002,0.19375362427649803
BR,2025-05-01,2025-06-20,50,0.27832752,0.26508304,-0.013244480000000003,0.20318783204917318
BR,2025-05-01,2025-05-16,15,0.21839161,0.2768627,0.05847109,0.32249236396874775
IQV,2025-05-06,2025-06-20,45,0.4751029,0.4984181,0.02331519999999998,0.49165681317799015
VTR,2025-04-30,2025-05-16,16,0.3261786,0.6132851,0.28710650000000004,0.35001100301556864
LEN,2025-06-16,2025-07-25,39,0.4335994,0.33472344,-0.09887596000000004,0.565685639185219
LEN,2025-06-16,2025-07-18,32,0.49854016,0.31934273,-0.17919743,0.565685639185219
LEN,2025-06-16,2025-07-11,25,0.46899945,0.30713582,-0.16186362999999998,0.565685639185219
LEN,2025-06-16,2025-07-03,17,0.50146985,0.38843384,-0.11303601000000002,0.565685639185219
LEN,2025-06-16,2025-06-27,11,0.5825237,0.39942008,-0.18310361999999997,0.565685639185219
LEN,2025-06-16,2025-06-20,4,0.74463147,0.40820906,-0.33642240999999995,0.4955761090313005
RKT,2025-05-08,2025-06-20,43,0.5869182,0.5039112,-0.08300699999999994,0.6195303506424202
RKT,2025-05-08,2025-05-30,22,0.63476926,0.4668022,-0.16796706,0.671823209650035
RKT,2025-05-08,2025-05-23,15,0.5097705,1.6347674,1.1249969000000002,0.7531150252686465
RKT,2025-05-08,2025-05-16,8,0.9531255,0.5664106,-0.3867149,0.8206862293579513
RKT,2025-05-08,2025-05-09,1,1.5273461,0.72656524,-0.8007808599999999,0.5616861597937985
SYM,2025-05-07,2025-06-20,44,0.75537354,0.6552769,-0.10009663999999996,0.8759069348567579
SYM,2025-05-07,2025-06-06,30,0.65039414,0.60303134,-0.04736279999999993,0.6839055994065134
SYM,2025-05-07,2025-05-30,23,0.9580082,0.58740646,-0.37060174,0.7716039485587343
SYM,2025-05-07,2025-05-23,16,0.9960938,0.65332377,-0.34277003000000006,0.802676938979728
SYM,2025-05-07,2025-05-16,9,1.3564485,0.54883265,-0.8076158499999999,0.7368216727710348
SYM,2025-05-07,2025-05-09,2,2.2871137,0.8261736,-1.4609401,0.6869154805494717
HPE,2025-06-03,2025-07-18,45,0.4589898,0.35059243,-0.10839736999999999,0.20677474656285602
HPE,2025-06-03,2025-07-11,38,0.4941457,0.39356074,-0.10058496,0.20677474656285602
HPE,2025-06-03,2025-07-03,30,0.49512222,0.3466862,-0.14843602,0.20677474656285602
HPE,2025-06-03,2025-06-27,24,0.60644925,0.36914694,-0.23730231000000007,0.20677474656285602
HPE,2025-06-03,2025-06-20,17,0.62109756,0.33008483,-0.29101273000000005,0.20873119882226596
HPE,2025-06-03,2025-06-13,10,0.7089873,0.42188078,-0.28710652,0.21655068675323463
HPE,2025-06-03,2025-06-06,3,0.9687503,0.48633325,-0.48241704999999996,0.27031215546839044
WBD,2025-05-08,2025-06-27,50,0.52344227,0.62890995,0.10546768000000006,0.6295256521402509
WBD,2025-05-08,2025-06-20,43,0.50781745,0.5127002,0.004882750000000047,0.6295256521402509
WBD,2025-05-08,2025-06-06,29,0.5605513,0.5156298,-0.04492149999999995,0.6960343540397637
WBD,2025-05-08,2025-05-30,22,0.54883265,0.50195813,-0.04687452000000003,0.6842435452733302
WBD,2025-05-08,2025-05-23,15,0.5449264,0.5312547,-0.013671700000000064,0.48079032768710944
WBD,2025-05-08,2025-05-16,8,0.5859416,0.52344227,-0.062499329999999964,0.6533112145822421
WBD,2025-05-08,2025-05-09,1,0.6796907,0.41406837,-0.26562232999999996,
FCNCA,2025-04-24,2025-06-20,57,0.38764802,0.3541477,-0.03350031999999997,0.2734075981247874
FCNCA,2025-04-24,2025-05-16,22,0.3771272,0.3412389,-0.035888299999999984,0.28853663527753587
DTE,2025-05-01,2025-05-16,15,0.39649042,0.24317163,-0.15331879,0.2160041845629045
AWK,2025-04-30,2025-06-20,51,0.24231714,0.25574476,0.013427620000000029,0.2556083914282314
AWK,2025-04-30,2025-05-16,16,0.24854267,0.19873849,-0.04980418,0.39518856427451005
CQP,2025-05-08,2025-05-16,8,2.193364,0.20899229,-1.9843717099999998,0.4553639277495271
LI,2025-05-29,2025-07-18,50,0.48682153,0.5263719,0.03955037,0.5719465426915467
LI,2025-05-29,2025-07-03,35,0.7939474,0.5849651,-0.20898229999999995,0.5719465426915467
LI,2025-05-29,2025-06-27,29,0.46777877,0.5293016,0.06152283000000003,0.5719465426915467
LI,2025-05-29,2025-06-20,22,0.4794974,0.4941457,0.014648300000000003,0.4718708438025839
LI,2025-05-29,2025-06-13,15,0.4687553,0.49219257,0.02343727000000001,0.5077566561761734
LI,2025-05-29,2025-06-06,8,0.51367676,0.6054727,0.09179594000000002,0.5962742554481643
LI,2025-05-29,2025-05-30,1,0.6445348,0.52734846,-0.11718633999999994,
IP,2025-04-30,2025-05-16,16,0.3842835,0.402838,0.018554499999999974,0.5559324236591222
IP,2025-04-30,2025-05-02,2,0.46777877,0.537114,0.06933522999999997,0.7732978410662089
BNTX,2025-05-05,2025-06-20,46,0.51038086,0.53284156,0.0224607,0.7311374497950706
BNTX,2025-05-05,2025-05-16,11,0.54004365,0.56372505,0.023681399999999964,0.5289679320159727
EQR,2025-04-29,2025-05-16,17,0.50244635,0.37110004,-0.13134631000000002,0.20392459565173682
DOV,2025-04-24,2025-09-19,148,0.31690136,0.3266669,0.009765539999999961,0.21506720022234263
DRI,2025-06-20,2025-07-18,28,0.2595899,0.20520814,-0.05438175999999997,0.3746009631521551
CVE,2025-05-08,2025-06-20,43,0.4335994,0.46387255,0.03027314999999997,0.4074819039026429
CVE,2025-05-08,2025-05-16,8,0.58984786,0.40625593,-0.18359193000000001,0.5525120218585224
MKL,2025-04-30,2025-05-16,16,0.32944396,0.32218084,-0.007263119999999956,0.1989891136544003
GDDY,2025-05-01,2025-06-20,50,0.44653875,0.3337469,-0.11279184999999997,0.31199717498961077
GDDY,2025-05-01,2025-06-06,36,0.3503483,0.35376623,0.0034179300000000135,0.3458372769369577
GDDY,2025-05-01,2025-05-16,15,0.549443,0.31604686,-0.23339614000000003,0.501764559118989
GDDY,2025-05-01,2025-05-09,8,0.648441,0.53784645,-0.11059455000000007,0.6792994425855593
GDDY,2025-05-01,2025-05-02,1,1.2148477,0.31494826,-0.89989944,1.2181850700351275
TOST,2025-05-08,2025-06-27,50,0.47754428,0.60181063,0.12426635000000003,0.43133868898962224
TOST,2025-05-08,2025-06-20,43,0.60010165,0.40820906,-0.19189259000000003,0.43591313608883836
TOST,2025-05-08,2025-06-13,36,0.5368699,0.42358974,-0.11328016000000002,0.4636763553954821
TOST,2025-05-08,2025-06-06,29,0.5249071,0.41602147,-0.10888562999999996,0.490879770309447
TOST,2025-05-08,2025-05-30,22,0.71777624,0.56299263,-0.15478360999999996,0.5331122103053716
TOST,2025-05-08,2025-05-23,15,0.81543154,0.42920494,-0.3862266,0.5862861301173168
TOST,2025-05-08,2025-05-16,8,1.0185596,0.4648491,-0.5537104999999999,0.6110720236077676
TOST,2025-05-08,2025-05-09,1,1.8662117,0.4296932,-1.4365185,0.8761821108730449
SBAC,2025-04-28,2025-09-19,144,0.2971567,0.29941496,0.002258260000000012,0.2655702064759302
SBAC,2025-04-28,2025-06-20,53,0.33747,0.31067583,-0.026794170000000006,0.26419912009179236
SBAC,2025-04-28,2025-05-16,18,0.3934387,0.29602754,-0.09741116,0.395729525456309
MTD,2025-05-01,2025-05-16,15,0.4207211,0.42990682,0.009185720000000008,0.5506973862878712
DG,2025-06-03,2025-07-18,45,0.32446966,0.29041237,-0.03405729000000002,0.6492382203584592
DG,2025-06-03,2025-07-03,30,0.286262,0.30310756,0.01684555999999998,0.6492382203584592
DG,2025-06-03,2025-06-27,24,0.44800356,0.298591,-0.14941256000000003,0.6492382203584592
DG,2025-06-03,2025-06-20,17,0.35144693,0.29077858,-0.06066834999999998,0.6700714493108755
DG,2025-06-03,2025-06-13,10,0.35449865,0.33399102,-0.02050763,0.798626269672867
DG,2025-06-03,2025-06-06,3,0.39063108,0.319831,-0.07080008000000004,1.1600684982046192
MT,2025-04-30,2025-06-20,51,0.39502558,0.37744763,-0.01757795000000001,0.255050847895479
MT,2025-04-30,2025-05-09,9,0.43262285,0.39649042,-0.03613242999999999,0.2475535028231413
MT,2025-04-30,2025-05-02,2,0.42383388,0.5058643,0.08203042000000005,0.3850914971994933
PPL,2025-04-30,2025-06-20,51,0.19898263,0.17969571,-0.019286919999999985,0.1796029882159453
PPL,2025-04-30,2025-05-16,16,0.2646558,0.19141434,-0.07324146000000001,0.23532654102242995
TU,2025-05-09,2025-06-20,42,0.27832752,0.26953855,-0.008788970000000007,0.33358997687383235
TU,2025-05-09,2025-05-16,7,0.7539087,0.6054727,-0.148436,0.5444579272879958
VIK,2025-05-20,2025-06-20,31,0.47852084,0.5263719,0.04785106,0.36407159209944934
EME,2025-04-30,2025-07-18,79,0.40241078,0.36911643,-0.03329435000000003,0.27687152213903643
EME,2025-04-30,2025-05-16,16,0.41052836,0.42822838,0.01770002000000004,0.3440936394490739
HPQ,2025-05-28,2025-07-18,51,0.31543654,0.30957723,-0.0058593100000000065,0.44246711243942566
HPQ,2025-05-28,2025-06-27,30,0.55859816,0.29688203,-0.26171612999999994,0.44246711243942566
HPQ,2025-05-28,2025-06-20,23,0.48633325,0.28858134,-0.19775190999999998,0.45794444771646525
HPQ,2025-05-28,2025-06-13,16,0.55664504,0.3076241,-0.24902094000000002,0.4797481654079757
HPQ,2025-05-28,2025-06-06,9,0.9980469,0.351569,-0.6464778999999999,0.550965588028722
HPQ,2025-05-28,2025-05-30,2,1.1601604,0.48047394,-0.6796864600000001,0.670014630288188
TDY,2025-04-23,2025-05-16,23,0.38117075,0.6046182,0.22344745,0.19292462486374393
JBL,2025-06-17,2025-07-18,31,0.39441523,0.3731752,-0.02124003000000002,0.5716483612714532
JBL,2025-06-17,2025-06-20,3,0.4118711,0.3061593,-0.10571179999999997,0.620240044863272
FOXA,2025-05-12,2025-06-27,46,0.37378556,0.28638408,-0.08740148000000003,0.3012518526612074
FOXA,2025-05-12,2025-06-20,39,0.3061593,0.2993234,-0.006835900000000006,0.3012518526612074
FOXA,2025-05-12,2025-06-13,32,0.76123285,0.26367924,-0.49755361,0.30022504892338475
FOXA,2025-05-12,2025-05-23,11,0.29883513,0.29248753,-0.006347600000000009,0.37265223273427917
FOXA,2025-05-12,2025-05-16,4,0.33789724,0.5205126,0.18261536,0.404419124312028
CBOE,2025-05-02,2025-06-20,49,0.2724682,0.2496413,-0.022826899999999983,0.2557043354889102
CBOE,2025-05-02,2025-06-06,35,0.28858134,0.2487868,-0.03979454000000002,0.2867159899658512
CBOE,2025-05-02,2025-05-30,28,0.27405512,0.3061593,0.03210418000000004,0.30796019070086106
CBOE,2025-05-02,2025-05-23,21,0.2922434,0.28272203,-0.009521369999999973,0.32916879489673495
CBOE,2025-05-02,2025-05-16,14,0.29315892,0.27722892,-0.01593,0.3889981294454846
CBOE,2025-05-02,2025-05-09,7,0.29492894,0.27857167,-0.01635726999999998,0.293526871927314
ATO,2025-05-07,2025-06-20,44,0.21515678,0.19080399,-0.024352789999999985,0.173321894730422
ATO,2025-05-07,2025-05-16,9,0.23877715,0.22559369,-0.01318345999999998,0.25691192819063013
PINS,2025-05-08,2025-06-20,43,0.67578447,0.4296932,-0.24609126999999997,0.7425467879445947
PINS,2025-05-08,2025-06-13,36,0.7373073,0.48438016,-0.25292714,0.8310440754596192
PINS,2025-05-08,2025-06-06,29,0.69531554,0.4892629,-0.20605263999999995,0.9095616028428894
PINS,2025-05-08,2025-05-30,22,0.73877215,0.462896,-0.27587615,1.0869149242973255
PINS,2025-05-08,2025-05-23,15,0.94531304,0.47559118,-0.46972186000000005,1.3007478946077278
PINS,2025-05-08,2025-05-16,8,1.2011759,0.50488776,-0.6962881399999999,1.4583131953426054
PINS,2025-05-08,2025-05-09,1,2.2402387,0.30078825,-1.9394504499999998,
CDW,2025-05-07,2025-06-20,44,0.3537052,0.28156236,-0.07214283999999999,0.33898617250571855
CDW,2025-05-07,2025-05-16,9,0.6350134,0.4589898,-0.17602359999999995,0.4608080826213185
CPAY,2025-05-06,2025-05-16,10,0.57416195,0.64990586,0.07574390999999991,0.3777150646710687
ZM,2025-05-21,2025-07-18,58,0.39111936,0.31153032,-0.07958904,0.21076088313896138
ZM,2025-05-21,2025-06-27,37,0.47766635,0.28784892,-0.18981743,0.21076088313896138
ZM,2025-05-21,2025-06-20,30,0.44214424,0.29590547,-0.14623877000000002,0.21619342538537586
ZM,2025-05-21,2025-06-13,23,0.45947805,0.3029855,-0.15649255,0.21610954615129424
ZM,2025-05-21,2025-06-06,16,0.53247535,0.30274135,-0.229734,0.24703946977418154
ZM,2025-05-21,2025-05-30,9,0.61108786,0.2929758,-0.31811206000000003,0.31300227042594503
ZM,2025-05-21,2025-05-23,2,0.8642592,0.34473312,-0.51952608,0.08535761430514817
ON,2025-05-05,2025-06-20,46,0.54297334,0.51367676,-0.029296580000000016,0.7056057861074805
ON,2025-05-05,2025-06-13,39,0.5122119,0.5346726,0.0224607,0.7458544364508742
ON,2025-05-05,2025-06-06,32,0.5395554,0.51367676,-0.025878640000000064,0.7584516641921975
ON,2025-05-05,2025-05-30,25,0.5893596,0.5034229,-0.08593669999999998,0.723886008311749
ON,2025-05-05,2025-05-23,18,0.54590297,0.50830567,-0.037597299999999945,0.781636917819791
ON,2025-05-05,2025-05-16,11,0.5507857,0.50293463,-0.047851069999999996,0.9542010884788579
ON,2025-05-05,2025-05-09,4,0.60937893,0.58398855,-0.025390379999999935,0.9870710141807821
AU,2025-05-09,2025-06-20,42,0.52441883,0.4668022,-0.05761663,0.5901883962859513
AU,2025-05-09,2025-05-16,7,0.500005,0.49023947,-0.009765530000000022,0.9636025235603842
CNP,2025-04-24,2025-06-20,57,0.26563233,0.2116778,-0.05395453000000003,0.17376464826788132
STE,2025-05-14,2025-06-20,37,0.38379523,0.23413852,-0.14965671,0.3013647424451943
STE,2025-05-14,2025-05-16,2,0.91528404,0.62964237,-0.28564166999999996,0.78579797281958
CINF,2025-04-28,2025-06-20,53,0.3201362,0.3523014,0.032165200000000005,0.19441518413223022
CINF,2025-04-28,2025-05-16,18,0.43115804,0.41797456,-0.013183480000000025,0.1965403794537289
WDC,2025-04-30,2025-06-20,51,0.4604546,0.50879395,0.04833935000000006,0.32788469338571724
WDC,2025-04-30,2025-05-30,30,0.46851116,0.45313048,-0.01538067999999998,0.3873802263658958
WDC,2025-04-30,2025-05-23,23,0.5634809,0.4794974,-0.08398349999999993,0.40597634882657174
WDC,2025-04-30,2025-05-16,16,0.5327195,0.47607946,-0.05664004,0.44577941978840335
WDC,2025-04-30,2025-05-09,9,0.54883265,0.5258837,-0.02294895000000008,0.4832242323215117
WDC,2025-04-30,2025-05-02,2,0.50781745,0.6367224,0.12890495000000002,0.628295152438716
ASX,2025-04-30,2025-05-16,16,1.3867218,0.7343777,-0.6523440999999999,0.4655468256767631
PHG,2025-05-06,2025-05-16,10,0.18360192,0.66015965,0.47655773,0.40447862046424404
EXPE,2025-05-08,2025-06-20,43,0.5102588,0.38660282,-0.12365598,0.3784822170135335
EXPE,2025-05-08,2025-05-23,15,0.76513904,0.4229794,-0.34215964,0.5132186888376014
EXPE,2025-05-08,2025-05-16,8,0.94360405,0.44727114,-0.49633291,0.6709094221324311
EXPE,2025-05-08,2025-05-09,1,1.8500984,0.55273885,-1.29735955,1.0130046409967095
AFRM,2025-05-08,2025-06-20,43,0.85254055,0.6494176,-0.2031229499999999,0.8429982915001536
AFRM,2025-05-08,2025-06-13,36,0.84155434,0.70361626,-0.13793807999999996,0.8850108132089112
AFRM,2025-05-08,2025-06-06,29,1.0039113,0.64868516,-0.35522613999999997,0.9511368617446859
AFRM,2025-05-08,2025-05-30,22,0.9418951,0.6450231,-0.296872,1.0603428047206143
AFRM,2025-05-08,2025-05-23,15,1.0678757,0.66406584,-0.4038098600000001,1.2160132727582593
AFRM,2025-05-08,2025-05-16,8,1.2832067,0.6938507,-0.589356,1.5725079571474931
AFRM,2025-05-08,2025-05-09,1,2.3134809,0.47266153,-1.8408193700000002,2.3314422041317995
IOT,2025-06-05,2025-07-25,50,0.5144091,0.60596097,0.09155187000000009,0.4402069182716193
IOT,2025-06-05,2025-07-18,43,0.6406286,0.4624077,-0.17822090000000002,0.4402069182716193
IOT,2025-06-05,2025-07-11,36,0.62207407,0.6279334,0.00585932999999994,0.4402069182716193
IOT,2025-06-05,2025-07-03,28,0.71338177,0.47168496,-0.24169681000000004,0.4402069182716193
IOT,2025-06-05,2025-06-27,22,0.8007832,0.57812923,-0.22265396999999998,0.4402069182716193
IOT,2025-06-05,2025-06-20,15,0.8452164,0.43897045,-0.40624594999999997,0.45381850851414995
IOT,2025-06-05,2025-06-13,8,0.888673,0.46973187,-0.41894113000000005,0.49622540663462983
IOT,2025-06-05,2025-06-06,1,2.1025438,0.36914694,-1.7333968599999998,0.646970894940898
NTRA,2025-05-08,2025-06-20,43,0.52325916,0.49390155,-0.029357609999999923,0.3420812192118523
NTRA,2025-05-08,2025-05-16,8,0.95703167,0.61352926,-0.34350241000000004,0.5560087352733672
GFS,2025-05-06,2025-06-20,45,0.40625593,0.45410702,0.047851089999999985,0.41148583965681235
AMCR,2025-04-30,2025-07-18,79,0.3203193,0.27539787,-0.044921429999999984,0.2889121516657937
AMCR,2025-04-30,2025-05-16,16,0.40625593,0.5410202,0.13476426999999996,0.38044191644475295
TROW,2025-05-02,2025-06-20,49,0.3005441,0.42822838,0.12768428000000004,0.26034580699962706
TROW,2025-05-02,2025-05-16,14,0.3598697,0.64746445,0.28759474999999995,0.2845726942790121
LH,2025-04-29,2025-06-20,52,0.25232682,0.26203132,0.009704500000000005,0.23626949818934356
LH,2025-04-29,2025-05-16,17,0.2766796,0.26569337,-0.010986230000000041,0.3005151113167206
PHM,2025-04-22,2025-05-30,38,0.41284767,0.51965815,0.10681048000000004,0.3733767306755105
PHM,2025-04-22,2025-05-02,10,,0.4135801,,0.44239604234217583
PBA,2025-05-08,2025-05-16,8,0.77734596,1.2617224,0.48437644,0.4588405985066175
NTAP,2025-05-29,2025-07-18,50,0.37854627,0.31018755,-0.06835872000000004,0.3015084006118315
NTAP,2025-05-29,2025-07-03,35,0.2954172,0.35059243,0.05517523000000002,0.3015084006118315
NTAP,2025-05-29,2025-06-27,29,0.48511258,0.32495794,-0.16015464000000001,0.3015084006118315
NTAP,2025-05-29,2025-06-20,22,0.51367676,0.2883372,-0.22533955999999994,0.3068016621558007
NTAP,2025-05-29,2025-06-13,15,0.39868766,0.31885448,-0.07983318,0.31115404255609613
NTAP,2025-05-29,2025-06-06,8,0.66431,0.3278876,-0.33642239999999995,0.29693411180730334
NTAP,2025-05-29,2025-05-30,1,1.331058,0.12696186,-1.20409614,0.04626755989459211
ULTA,2025-05-29,2025-07-18,50,0.41293922,0.35648227,-0.056456950000000006,0.48392010716015393
ULTA,2025-05-29,2025-07-03,35,0.46866375,0.3150093,-0.15365445,0.48392010716015393
ULTA,2025-05-29,2025-06-27,29,0.4634148,0.17502657,-0.28838823,0.48392010716015393
ULTA,2025-05-29,2025-06-20,22,0.4888357,0.3397283,-0.1491074,0.4986588587677007
ULTA,2025-05-29,2025-06-13,15,0.5219164,0.2982858,-0.22363059999999996,0.5868568110919372
ULTA,2025-05-29,2025-06-06,8,0.5933268,0.30029997,-0.29302683,0.736239233268751
ULTA,2025-05-29,2025-05-30,1,1.2707556,0.19654123,-1.07421437,1.121703725628565
LII,2025-04-23,2025-06-20,58,0.33408257,0.4142057,0.08012312999999999,0.3522490517179674
LII,2025-04-23,2025-05-16,23,0.42212492,0.5046436,0.08251867999999996,0.4395186046190485
WSM,2025-05-22,2025-07-18,57,0.48560086,0.439947,-0.045653860000000046,0.3437087517750391
WSM,2025-05-22,2025-06-20,29,0.47534704,0.44324288,-0.03210415999999999,0.35350517393563774
DLTR,2025-06-04,2025-07-18,44,0.40576765,0.37464005,-0.031127599999999978,0.5228154675772116
DLTR,2025-06-04,2025-07-11,37,0.34693035,0.38599247,0.03906211999999998,0.5228154675772116
DLTR,2025-06-04,2025-07-03,29,0.42432216,0.30396205,-0.12036011000000002,0.5228154675772116
DLTR,2025-06-04,2025-06-27,23,0.3949035,0.36035797,-0.03454552999999999,0.5228154675772116
DLTR,2025-06-04,2025-06-20,16,0.4052794,0.36084622,-0.04443318000000002,0.5228154675772116
DLTR,2025-06-04,2025-06-13,9,0.44385323,0.40430284,-0.03955038999999999,0.5824123341313368
DLTR,2025-06-04,2025-06-06,2,0.6215858,0.44922426,-0.17236153999999998,1.035684244064099
PODD,2025-05-08,2025-06-20,43,0.4406184,0.35700107,-0.08361733000000005,0.5161923905416674
PODD,2025-05-08,2025-05-16,8,0.6667514,0.43982494,-0.22692646,1.0747715555519146
BEKE,2025-05-15,2025-07-18,64,0.46436083,0.4624077,-0.001953130000000025,0.3691207581666686
BEKE,2025-05-15,2025-06-20,36,0.45117736,0.41895112,-0.03222624000000002,0.3809829906575892
BEKE,2025-05-15,2025-06-06,22,0.49512222,0.66601896,0.17089674000000005,0.35609272743005216
BEKE,2025-05-15,2025-05-30,15,0.425787,0.45215392,0.02636691999999996,0.31086794478837293
BEKE,2025-05-15,2025-05-23,8,0.45703667,0.54687953,0.08984286000000002,0.2874966227107928
BEKE,2025-05-15,2025-05-16,1,0.38281867,0.48438016,0.10156148999999998,0.4324096817445265
PTC,2025-04-30,2025-05-16,16,0.50452155,0.40112904,-0.10339250999999999,0.25335638433878765
BCE,2025-05-08,2025-06-20,43,0.35401037,0.3330145,-0.020995870000000028,0.26158692385526633
BCE,2025-05-08,2025-05-16,8,0.45313048,0.49023947,0.03710899000000001,0.43949163270359815
AER,2025-04-30,2025-06-20,51,0.2804027,0.2697827,-0.010620000000000018,0.11651198390392135
AER,2025-04-30,2025-05-16,16,0.29395238,0.31055376,0.01660138,0.08468731026715692
NTNX,2025-05-28,2025-07-18,51,0.55237263,0.3756166,-0.17675603,0.23216811460040665
NTNX,2025-05-28,2025-06-20,23,0.64917344,0.37818006,-0.27099338,0.23216811460040665
TECK,2025-04-24,2025-05-23,29,0.50488776,0.5156298,0.010742040000000008,0.3773841773021894
TECK,2025-04-24,2025-05-16,22,0.5127002,0.56836367,0.05566346999999994,0.4089533936101498
TSN,2025-05-05,2025-06-20,46,0.2468337,0.2148516,-0.031982099999999986,0.2831548413546421
TSN,2025-05-05,2025-05-16,11,0.33399102,0.26319095,-0.07080007000000005,0.46501604522600054
DKNG,2025-05-08,2025-06-20,43,0.6108437,0.4897512,-0.12109249999999999,0.48015476945301
DKNG,2025-05-08,2025-06-13,36,0.52563953,0.53027815,0.004638620000000038,0.4679225781543706
DKNG,2025-05-08,2025-06-06,29,0.67139,0.44580632,-0.22558368000000006,0.43037543033424525
DKNG,2025-05-08,2025-05-30,22,0.70801073,0.4814505,-0.22656023000000003,0.3372736698854003
DKNG,2025-05-08,2025-05-23,15,0.8007832,0.4873098,-0.3134734,0.4130312557923791
DKNG,2025-05-08,2025-05-16,8,0.9111337,0.49707535,-0.41405835,0.28835477690982364
DKNG,2025-05-08,2025-05-09,1,1.626955,0.24219508,-1.38475992,
KEY,2025-04-17,2025-05-02,15,,0.5859416,,0.37798425625369014
EIX,2025-04-29,2025-07-18,80,0.35327795,0.5449264,0.19164845000000003,0.4077504936377017
EIX,2025-04-29,2025-06-20,52,0.56250435,0.40820906,-0.15429528999999997,0.4116178850119219
EIX,2025-04-29,2025-05-16,17,0.4731498,0.5178271,0.044677299999999975,0.447236596804887
MKC,2025-06-26,2025-07-18,22,0.20899229,0.16919777,-0.03979452,
CG,2025-05-09,2025-06-20,42,0.5107471,0.3554752,-0.15527190000000002,0.41061231720619024
CG,2025-05-09,2025-05-16,7,0.50293463,0.42871666,-0.07421797000000002,0.47519963479405763
GRAB,2025-04-30,2025-06-20,51,0.54297334,0.5507857,0.007812360000000074,0.3411654403830273
GRAB,2025-04-30,2025-06-06,37,0.94531304,0.6054727,-0.3398403400000001,0.3411654403830273
GRAB,2025-04-30,2025-05-30,30,0.66015965,0.65625346,-0.0039061900000000316,0.3571500620851019
GRAB,2025-04-30,2025-05-16,16,0.67578447,0.62500376,-0.05078070999999995,0.370672487511717
GRAB,2025-04-30,2025-05-09,9,0.554692,0.81250185,0.25780985,0.18137389630280085
GRAB,2025-04-30,2025-05-02,2,0.85937643,0.87500125,0.015624819999999984,
INVH,2025-04-30,2025-05-16,16,0.3266669,0.2397537,-0.0869132,0.23264955243843602
LYB,2025-04-25,2025-09-19,147,0.358649,0.36377588,0.00512688,0.33688233590370986
LYB,2025-04-25,2025-06-20,56,0.40576765,0.4021056,-0.0036620499999999723,0.3385722879706931
LYB,2025-04-25,2025-05-16,21,0.5068409,0.4668022,-0.04003870000000004,0.3881184467467967
FSLR,2025-04-29,2025-05-16,17,0.692508,0.5356492,-0.15685879999999996,1.1280531602754271
FSLR,2025-04-29,2025-05-09,10,0.7644067,0.5288133,-0.23559339999999995,0.6611517224271907
FSLR,2025-04-29,2025-05-02,3,0.94409233,0.5986368,-0.34545553000000007,0.8071226462241978
CRBG,2025-05-05,2025-05-16,11,0.5312547,0.7792991,0.24804440000000005,0.267413546490377
RBA,2025-05-07,2025-06-20,44,0.23584749,0.27002683,0.03417934,0.17623176112705383
RBA,2025-05-07,2025-05-16,9,0.5185595,0.2710034,-0.24755609999999995,0.20275050458971047
ESS,2025-04-29,2025-05-16,17,0.28699443,0.23883818,-0.04815625000000001,0.2465331761901737
TEVA,2025-05-07,2025-06-20,44,0.43066975,0.42285734,-0.007812409999999992,0.5551272096255657
TEVA,2025-05-07,2025-06-13,37,0.52734846,0.50098157,-0.02636689000000003,0.5551272096255657
TEVA,2025-05-07,2025-06-06,30,0.35840484,0.4335994,0.07519456000000002,0.5997436547182663
TEVA,2025-05-07,2025-05-30,23,0.3925842,0.53418434,0.14160014000000004,0.693256798927808
TEVA,2025-05-07,2025-05-23,16,0.5195361,0.43457597,-0.08496012999999997,0.7712490503387812
TEVA,2025-05-07,2025-05-16,9,0.4648491,0.5253954,0.06054629999999994,0.9425917354140335
TEVA,2025-05-07,2025-05-09,2,0.43750563,0.47656775,0.039062120000000033,
BIIB,2025-05-01,2025-06-20,50,0.43469805,0.44922426,0.014526209999999984,0.3215784314787464
BIIB,2025-05-01,2025-06-06,36,0.5495651,0.50244635,-0.04711874999999999,0.3450581185359988
BIIB,2025-05-01,2025-05-30,29,0.52869123,0.4589898,-0.06970142999999995,0.37759392662943064
BIIB,2025-05-01,2025-05-23,22,0.3740297,0.36719382,-0.006835880000000016,0.3739632624084231
BIIB,2025-05-01,2025-05-16,15,0.4194394,0.56836367,0.14892426999999997,0.402774796199154
BIIB,2025-05-01,2025-05-09,8,0.41260353,0.4021056,-0.010497929999999989,0.3494563915523887
BIIB,2025-05-01,2025-05-02,1,0.40234974,0.25293717,-0.14941257000000002,0.25269426431405684
KGC,2025-05-06,2025-06-20,45,0.50781745,0.43945873,-0.06835871999999998,0.4788021311853694
KGC,2025-05-06,2025-05-30,24,0.50293463,0.44922426,-0.05371037000000006,0.5491000312732486
KGC,2025-05-06,2025-05-16,10,0.52148914,0.48047394,-0.04101520000000003,0.7030116925264922
KGC,2025-05-06,2025-05-09,3,0.7460963,0.9531255,0.2070291999999999,0.7074606482726535
GWRE,2025-06-03,2025-07-18,45,0.5379075,0.31439894,-0.22350855999999997,0.6980327237577789
GWRE,2025-06-03,2025-06-20,17,0.634281,0.27271235,-0.36156865,0.7262104397582301
L,2025-05-05,2025-05-16,11,0.30957723,0.44873598,0.13915875,0.17770955147258838
FLEX,2025-05-07,2025-06-20,44,0.42114836,0.43457597,0.013427609999999979,0.2650891524682651
FLEX,2025-05-07,2025-05-16,9,0.49170431,0.42481044,-0.06689386999999997,0.34150961898937293
CTRA,2025-05-05,2025-05-16,11,0.500005,0.33985037,-0.16015463000000002,0.585092436030711
CTRA,2025-05-05,2025-05-09,4,0.55859816,5.859378,5.300779840000001,0.7454722871134704
CASY,2025-06-09,2025-07-18,39,0.4081175,0.2957834,-0.11233410000000005,0.5634195669570666
CASY,2025-06-09,2025-06-20,11,0.54913783,0.28577375,-0.26336408000000006,0.5964802362601114
FIX,2025-04-24,2025-06-20,57,0.50150037,0.5487106,0.04721023000000002,0.3294060956909912
EC,2025-05-07,2025-06-20,44,0.3574283,0.48828638,0.13085808000000004,0.28702482469755464
EC,2025-05-07,2025-05-16,9,0.3203193,0.6875031,0.36718380000000006,0.3197304366320061
TPG,2025-05-07,2025-05-16,9,0.58105886,0.46973187,-0.11132698999999996,0.4557909940160669
TRMB,2025-05-07,2025-06-20,44,0.33789724,0.37573865,0.03784141000000002,0.27039601747088376
TRMB,2025-05-07,2025-05-16,9,0.44922426,0.39990833,-0.04931593000000001,0.3104300785988515
TPR,2025-05-08,2025-06-20,43,0.4044249,0.38574833,-0.018676570000000003,0.3854593446183198
TPR,2025-05-08,2025-06-13,36,0.36646143,0.3503483,-0.016113129999999976,0.35561864678517197
TPR,2025-05-08,2025-06-06,29,0.3440007,0.34180346,-0.002197239999999989,0.35872331308822
TPR,2025-05-08,2025-05-30,22,0.34790692,0.3855042,0.03759728000000001,0.4112552027811149
TPR,2025-05-08,2025-05-23,15,0.3818421,0.4035704,0.021728299999999978,0.3971790728650321
TPR,2025-05-08,2025-05-16,8,0.44898012,0.42041594,-0.028564179999999995,0.3779029446973865
TPR,2025-05-08,2025-05-09,1,0.44336495,0.36524072,-0.07812422999999996,0.3435029353625928
NI,2025-05-07,2025-06-20,44,0.26001716,0.35889313,0.09887596999999998,0.24452131949048003
NI,2025-05-07,2025-05-16,9,0.22461712,0.2334061,0.008788980000000002,0.36261589840520997
PSTG,2025-05-28,2025-07-18,51,0.60181063,0.5109912,-0.09081943000000003,0.3271351063075568
PSTG,2025-05-28,2025-06-20,23,0.71631145,0.49707535,-0.21923609999999993,0.3028865244718756
INSM,2025-05-08,2025-06-20,43,0.65466654,0.6196327,-0.03503383999999998,0.8381599461966402
INSM,2025-05-08,2025-05-16,8,0.5537154,0.74853766,0.19482226000000002,0.45619968155071916
ZBH,2025-05-05,2025-06-20,46,0.29077858,0.31030962,0.01953104,0.4134166254188631
ZBH,2025-05-05,2025-05-16,11,0.30664757,0.37158832,0.06494075000000005,0.7021025779871743
HAL,2025-04-22,2025-05-09,17,,0.47559118,,0.44944477174333725
WSO,2025-04-23,2025-06-20,58,0.46167532,0.43285173,-0.02882359000000001,0.38056544541815474
CW,2025-05-07,2025-06-20,44,0.40485215,0.32681948,-0.07803267000000003,0.23653007286263242
TWLO,2025-05-01,2025-06-20,50,0.5805706,0.44006908,-0.14050152000000005,0.28985540961725265
TWLO,2025-05-01,2025-06-06,36,0.6657748,0.43860424,-0.22717056000000002,0.28686877649390236
TWLO,2025-05-01,2025-05-23,22,0.44873598,0.43848217,-0.010253809999999974,0.3219902991336149
TWLO,2025-05-01,2025-05-16,15,0.93847716,0.43189046,-0.5065867000000001,0.2971405030473057
TWLO,2025-05-01,2025-05-09,8,1.140141,0.4135801,-0.7265609000000001,0.27333963272959416
TWLO,2025-05-01,2025-05-02,1,2.2094772,0.18262537,-2.02685183,0.11788428454125857
PKG,2025-04-22,2025-05-16,24,0.38477176,0.5015919,0.11682013999999996,0.29243199364401606
USFD,2025-05-08,2025-05-16,8,0.29053444,0.3076241,0.017089660000000007,0.21138622969134896
ERIE,2025-04-24,2025-06-20,57,0.35941193,0.40259385,0.043181919999999985,0.4010309263264188
ERIE,2025-04-24,2025-05-16,22,0.5432175,0.41681492,-0.12640258000000004,0.5604506621004504
MAA,2025-04-30,2025-05-16,16,0.34131518,0.22327437,-0.11804081,0.25915612357477624
FTV,2025-05-01,2025-05-16,15,0.4277401,1.0615281,0.633788,0.33694846856134925
TRU,2025-04-24,2025-05-16,22,0.45703667,0.49756363,0.04052696,0.34654762087626323
DUOL,2025-05-01,2025-06-20,50,0.70328057,0.50519294,-0.19808762999999996,0.5847007762160397
DUOL,2025-05-01,2025-05-16,15,0.91174406,0.5307664,-0.38097766,0.87707045300245
GFL,2025-04-30,2025-05-16,16,0.51807123,0.35205725,-0.16601398,0.23067673223631033
ONON,2025-05-13,2025-06-13,31,0.39526972,0.37818006,-0.017089660000000007,0.5427921168904181
ONON,2025-05-13,2025-06-06,24,0.45679253,0.5634809,0.10668836999999998,0.5536935785518268
ONON,2025-05-13,2025-05-30,17,0.29248753,0.3076241,0.015136570000000016,0.5851433088874822
NWSA,2025-05-08,2025-05-16,8,0.75781494,1.1132857,0.35547076,0.13783513237073913
PNR,2025-04-22,2025-06-20,59,0.3325262,0.31604686,-0.01647934000000001,0.3142199022195024
RYAN,2025-05-01,2025-06-20,50,0.34058276,0.4467829,0.10620014,0.2646699866329378
RYAN,2025-05-01,2025-05-16,15,0.30420616,0.3598697,0.05566354000000001,0.28944943645301685
BEP,2025-05-02,2025-05-16,14,0.31055376,0.32910827,0.01855450999999997,0.26904280503032885
ZG,2025-05-07,2025-06-20,44,0.36987934,0.4265194,0.05664005999999999,0.3021367478760365
ZG,2025-05-07,2025-05-16,9,0.5644575,0.537114,-0.027343499999999965,0.3238977597757254
OKTA,2025-05-27,2025-07-18,52,0.5272264,0.41650975,-0.11071664999999997,0.7121250795153607
OKTA,2025-05-27,2025-06-27,31,0.5800823,0.432867,-0.14721530000000005,0.7121250795153607
OKTA,2025-05-27,2025-06-20,24,0.63135135,0.43140218,-0.19994916999999995,0.7342955651779571
OKTA,2025-05-27,2025-06-13,17,0.74182385,0.46826702,-0.27355683,0.7995920278999045
OKTA,2025-05-27,2025-06-06,10,0.85644674,0.48071808,-0.37572866,1.0267772929790469
OKTA,2025-05-27,2025-05-30,3,1.3339877,0.5473678,-0.7866199,1.6127731853601641
KEP,2025-06-17,2025-07-18,31,2.292973,0.9804689,-1.3125041,
MDB,2025-06-04,2025-07-18,44,0.6968414,0.5051319,-0.1917095000000001,0.6366883633648909
MDB,2025-06-04,2025-07-11,37,0.4531915,0.45941702,0.006225519999999984,0.6366883633648909
MDB,2025-06-04,2025-07-03,29,0.7761253,0.47058636,-0.30553894000000004,0.6366883633648909
MDB,2025-06-04,2025-06-27,23,0.8489395,0.48401394,-0.36492556,0.6366883633648909
MDB,2025-06-04,2025-06-20,16,0.9091806,0.5344285,-0.37475210000000003,0.6662921883447827
MDB,2025-06-04,2025-06-13,9,1.1269575,0.49695328,-0.63000422,0.7801511520798036
MDB,2025-06-04,2025-06-06,2,1.8718268,0.5385788,-1.333248,1.1578543567058823
FFIV,2025-04-28,2025-07-18,81,0.35227087,0.32535464,-0.02691623000000004,0.19070492912734135
FFIV,2025-04-28,2025-05-16,18,0.61157614,0.31787792,-0.29369822000000007,0.2255938028506738
CNH,2025-05-01,2025-05-16,15,1.4140655,0.43945873,-0.97460677,0.37655250275094415
CHWY,2025-06-11,2025-07-25,44,0.45508358,0.4355525,-0.01953107999999998,0.7264243934930356
CHWY,2025-06-11,2025-07-18,37,0.43115804,0.43945873,0.00830069,0.7264243934930356
CHWY,2025-06-11,2025-07-11,30,0.44727114,0.41895112,-0.02832002,0.7264243934930356
CHWY,2025-06-11,2025-07-03,22,0.46143118,0.425787,-0.03564417999999997,0.7264243934930356
CHWY,2025-06-11,2025-06-27,16,0.4404353,0.39746696,-0.042968339999999994,0.7264243934930356
CHWY,2025-06-11,2025-06-20,9,0.45703667,0.462896,0.005859329999999996,0.7318640191551156
CHWY,2025-06-11,2025-06-13,2,0.5195361,0.50195813,-0.017577969999999943,1.1676837257029804
YUMC,2025-04-30,2025-07-18,79,0.33496758,0.3452214,0.010253820000000025,0.3681550125597418
YUMC,2025-04-30,2025-06-20,51,0.32764345,0.33106136,0.003417910000000024,0.3651000763140382
YUMC,2025-04-30,2025-05-16,16,0.4194394,0.39942008,-0.020019320000000007,0.49635602326016254
FUTU,2025-05-29,2025-07-18,50,0.5490768,0.5015919,-0.04748490000000005,0.7267266211328801
FUTU,2025-05-29,2025-07-11,43,0.54968715,0.55395955,0.004272399999999954,0.7267266211328801
FUTU,2025-05-29,2025-07-03,35,0.5532271,0.5507857,-0.002441399999999927,0.7267266211328801
FUTU,2025-05-29,2025-06-27,29,0.53210914,0.5627485,0.030639360000000004,0.7267266211328801
FUTU,2025-05-29,2025-06-20,22,0.54248506,0.52905744,-0.013427619999999973,0.7487088980187239
FUTU,2025-05-29,2025-06-13,15,0.5524947,0.52661604,-0.025878660000000053,0.6381124713235575
FUTU,2025-05-29,2025-06-06,8,0.5576216,0.5153857,-0.042235900000000104,0.7336825951910133
FUTU,2025-05-29,2025-05-30,1,0.62109756,0.70801073,0.08691316999999998,0.5460570649726755
RL,2025-05-22,2025-07-18,57,0.3818421,0.3395452,-0.042296900000000026,0.2776524180848561
RL,2025-05-22,2025-06-20,29,0.3846497,0.3874573,0.002807600000000021,0.26929188312992347
DT,2025-05-14,2025-06-20,37,0.27979237,0.30957723,0.02978485999999997,0.2899380257457437
DT,2025-05-14,2025-05-16,2,0.41895112,0.38379523,-0.03515589000000002,0.5463124079727966
FDS,2025-06-23,2025-07-18,25,0.32312688,0.21955127,-0.10357561000000001,
EQH,2025-04-29,2025-06-20,52,0.35010415,0.44434148,0.09423733000000001,0.3123808711527527
EQH,2025-04-29,2025-05-16,17,0.4604546,0.39551386,-0.06494074,0.30386929768838694
BSY,2025-05-07,2025-05-16,9,0.462896,0.87890744,0.41601144,0.33461748882316744
HRL,2025-05-29,2025-07-18,50,0.24414818,0.2251054,-0.01904277999999998,0.2048458296173965
HRL,2025-05-29,2025-06-27,29,0.2378006,0.28613997,0.04833937000000002,0.2048458296173965
HRL,2025-05-29,2025-06-20,22,0.24610129,0.2353592,-0.01074209000000001,0.2048458296173965
HRL,2025-05-29,2025-06-13,15,0.231453,0.2666089,0.03515589999999999,0.16147918820840754
HRL,2025-05-29,2025-06-06,8,0.2851634,0.24219508,-0.042968320000000004,0.1824000281394717
HRL,2025-05-29,2025-05-30,1,0.425787,0.5859416,0.16015459999999992,
KSPI,2025-05-16,2025-06-20,35,0.6108437,0.41480076,-0.19604294,0.29307102055562795
FMS,2025-05-06,2025-07-18,73,0.9931641,1.2114297,0.21826560000000006,0.3255855505387617
CNC,2025-04-25,2025-06-06,42,0.36279935,0.37427384,0.011474490000000004,0.558750354862587
CNC,2025-04-25,2025-05-23,28,0.41455662,0.37940073,-0.03515588999999997,0.6631824296179791
CNC,2025-04-25,2025-05-09,14,0.425787,0.39649042,-0.029296580000000016,0.5399583113201912
CNC,2025-04-25,2025-05-02,7,0.3222724,0.4482477,0.1259753,0.5729102251748734
DKS,2025-05-28,2025-07-18,51,0.39282835,0.36719382,-0.02563452999999999,0.2361653990000029
DKS,2025-05-28,2025-07-03,36,0.36609522,0.37622693,0.010131710000000016,0.2361653990000029
DKS,2025-05-28,2025-06-27,30,0.42127043,0.35736728,-0.06390314999999996,0.2361653990000029
DKS,2025-05-28,2025-06-20,23,0.37695935,0.34705243,-0.029906920000000004,0.23833884573877145
DKS,2025-05-28,2025-06-13,16,0.4035704,0.36963522,-0.03393518000000001,0.24979648527192788
DKS,2025-05-28,2025-06-06,9,0.3826966,0.36841452,-0.014282079999999975,0.22032296035543208
DKS,2025-05-28,2025-05-30,2,0.5395554,0.36279935,-0.17675605,0.27987357091753096
ZBRA,2025-04-29,2025-06-20,52,0.4768424,0.5206957,0.043853299999999984,0.4352269064879359
ZBRA,2025-04-29,2025-05-16,17,0.50061536,0.5280809,0.02746554000000001,0.5690563976634883
BALL,2025-05-06,2025-05-16,10,0.34278002,0.32910827,-0.013671750000000038,0.2120958426846735
EVRG,2025-05-08,2025-06-20,43,0.36841452,0.1777426,-0.19067192000000002,0.2476610035816407
EVRG,2025-05-08,2025-05-16,8,0.3061593,0.39063108,0.08447178,0.37555453480088385
WST,2025-04-24,2025-05-16,22,0.4281063,0.53332984,0.10522354000000006,0.37395283993822975
DOCU,2025-06-05,2025-07-18,43,0.5125781,0.3850159,-0.12756220000000001,1.0417499856709231
DOCU,2025-06-05,2025-07-11,36,0.46387255,0.3570621,-0.10681045,1.0417499856709231
DOCU,2025-06-05,2025-07-03,28,0.55859816,0.42066008,-0.13793807999999996,1.0417499856709231
DOCU,2025-06-05,2025-06-27,22,0.5905803,0.39502558,-0.19555471999999996,1.0417499856709231
DOCU,2025-06-05,2025-06-20,15,0.6782259,0.379889,-0.29833690000000007,1.0976834877699968
DOCU,2025-06-05,2025-06-13,8,0.8618178,0.4296932,-0.43212459999999997,1.2856119832729618
DOCU,2025-06-05,2025-06-06,1,1.6259785,0.3759828,-1.2499957,2.2477072845450503
ILMN,2025-05-08,2025-06-20,43,0.6381872,0.5490768,-0.08911039999999992,0.4385011164102439
ILMN,2025-05-08,2025-06-06,29,0.53833467,0.507085,-0.031249670000000007,0.48925892819687594
ILMN,2025-05-08,2025-05-30,22,0.68774724,0.58740646,-0.10034078000000002,0.5539650549148315
ILMN,2025-05-08,2025-05-16,8,0.90771574,0.5102588,-0.39745694,0.6978051906418198
ILMN,2025-05-08,2025-05-09,1,1.8183603,0.5761761,-1.2421842,1.0172874294739906
THC,2025-04-29,2025-06-20,52,0.50897706,0.4104063,-0.09857075999999998,0.4372927782667321
THC,2025-04-29,2025-05-16,17,0.50488776,0.37451798,-0.13036978000000005,0.505311209427703
FNF,2025-05-07,2025-06-20,44,0.27783924,0.29419652,0.01635728000000003,0.2943900628290046
FNF,2025-05-07,2025-05-16,9,0.30957723,1.0127002,0.7031229700000001,0.4529533731495854
BAX,2025-05-01,2025-06-20,50,0.37451798,0.41553319,0.041015210000000024,0.2929129805795734
BAX,2025-05-01,2025-05-30,29,0.35449865,0.3530338,-0.0014648500000000175,0.30604469829799047
BAX,2025-05-01,2025-05-16,15,0.3818421,0.36231107,-0.019531030000000005,0.3314879562871473
BAX,2025-05-01,2025-05-09,8,0.3037179,0.5957072,0.2919893,0.2611055690706594
BAX,2025-05-01,2025-05-02,1,0.25977302,0.4609429,0.20116987999999997,0.1961506110325913
SFM,2025-04-30,2025-06-20,51,0.5068409,0.48529568,-0.02154522000000003,0.3426645239487772
SFM,2025-04-30,2025-05-16,16,0.6300086,0.40881938,-0.22118922000000002,0.408620637668211
DECK,2025-05-22,2025-07-18,57,0.6351355,0.4779105,-0.15722499999999995,0.8838218224688581
DECK,2025-05-22,2025-06-27,36,0.722537,0.52856916,-0.19396784,0.8838218224688581
DECK,2025-05-22,2025-06-20,29,0.7602563,0.47437048,-0.28588582,0.9067309208256032
DECK,2025-05-22,2025-06-13,22,0.82177913,0.4834036,-0.33837553000000004,1.0093143912444844
DECK,2025-05-22,2025-06-06,15,0.947022,0.45239806,-0.49462394000000004,1.2033785823272194
DECK,2025-05-22,2025-05-30,8,1.2055703,0.4736381,-0.7319321999999999,1.6503929749484545
DECK,2025-05-22,2025-05-23,1,2.3686564,0.22461712,-2.14403928,2.7306925620352973
MNDY,2025-05-12,2025-06-20,39,0.47839877,0.45905083,-0.019347939999999952,0.3662932139546125
MNDY,2025-05-12,2025-05-16,4,0.5710492,0.4312801,-0.13976910000000003,0.264727845077496
APTV,2025-05-01,2025-06-20,50,0.4091856,0.42358974,0.01440414000000001,0.3682934047600719
APTV,2025-05-01,2025-05-16,15,0.41065043,0.50830567,0.09765524000000003,0.4409970874546326
BIP,2025-04-30,2025-06-20,51,0.3530338,0.28101304,-0.07202076000000002,0.2305801890574072
BG,2025-05-07,2025-06-20,44,0.2961496,0.29566133,-0.00048827000000001286,0.36154727364185923
BG,2025-05-07,2025-05-16,9,0.39502558,0.4956105,0.10058492000000002,0.3945290633829383
RIVN,2025-05-06,2025-06-13,38,0.9179696,0.5644575,-0.3535121000000001,0.6025098109422633
BURL,2025-05-29,2025-07-18,50,0.4461115,0.39630732,-0.049804179999999976,0.3426405920451562
BURL,2025-05-29,2025-07-03,35,0.40686628,0.4032042,-0.003662080000000012,0.3426405920451562
BURL,2025-05-29,2025-06-27,29,0.36585107,0.39392695,0.028075879999999998,0.3426405920451562
BURL,2025-05-29,2025-06-20,22,0.48084015,0.41455662,-0.06628353000000003,0.35257305520884197
BURL,2025-05-29,2025-06-06,8,0.37903452,0.42505458,0.04602006000000003,0.3765532486934768
BURL,2025-05-29,2025-05-30,1,0.4194394,0.58398855,0.16454915000000003,0.5426107881867611
XPO,2025-04-30,2025-06-20,51,0.5134326,0.5253954,0.01196279999999994,0.50784126588938
XPO,2025-04-30,2025-05-16,16,0.5395554,0.5358933,-0.0036621000000000015,0.7119494539658294
ARCC,2025-04-29,2025-06-20,52,0.23242955,0.28223374,0.04980419,0.18714342449116647
SNAP,2025-04-29,2025-05-16,17,1.2636756,0.69922173,-0.56445387,0.8345748762881345
SNAP,2025-04-29,2025-05-09,10,1.5351585,0.6015665,-0.9335920000000001,0.5692933632538494
SNAP,2025-04-29,2025-05-02,3,2.292973,0.7500025,-1.5429705,1.1452662321957654
DPZ,2025-04-28,2025-05-30,32,0.322486,0.27518424,-0.04730175999999997,0.16013710199134593
DPZ,2025-04-28,2025-05-16,18,0.3390569,0.32184517,-0.01721172999999998,0.14501012675615899
DPZ,2025-04-28,2025-05-09,11,0.29102272,0.32892516,0.03790243999999998,0.137817736203606
DPZ,2025-04-28,2025-05-02,4,0.34070483,0.3385076,-0.0021972299999999945,0.16700498942228956
SBS,2025-05-12,2025-05-16,4,0.7382839,0.5820354,-0.1562485,0.17453165279584407
CLX,2025-05-05,2025-06-20,46,0.43982494,0.27381098,-0.16601396000000002,0.20460525030860757
CLX,2025-05-05,2025-05-16,11,0.45557186,0.2775951,-0.17797676,0.2763049519433218
CF,2025-05-07,2025-06-20,44,0.31824413,0.29529512,-0.022949009999999992,0.2957856077117516
CF,2025-05-07,2025-06-13,37,0.38123178,0.28101304,-0.10021874000000003,0.30275662784580315
CF,2025-05-07,2025-06-06,30,0.39990833,0.30029997,-0.09960835999999995,0.24250135502135245
CF,2025-05-07,2025-05-30,23,0.33789724,0.27808338,-0.059813859999999996,0.25557936228765044
CF,2025-05-07,2025-05-09,2,0.5483444,0.52734846,-0.020995939999999935,0.24598091601241237
WMG,2025-05-08,2025-06-20,43,0.28223374,0.2807689,-0.0014648400000000228,0.3051548167352415
WMG,2025-05-08,2025-05-16,8,0.43945873,0.4960988,0.05664006999999999,0.5527471034718274
ACM,2025-05-05,2025-05-16,11,0.39673454,0.3735414,-0.02319314,0.17557329374730363
BBY,2025-05-29,2025-07-18,50,0.33692068,0.31861034,-0.01831033999999998,0.459902930608627
BBY,2025-05-29,2025-07-03,35,0.34570968,0.30005583,-0.045653849999999996,0.459902930608627
BBY,2025-05-29,2025-06-27,29,0.35254553,0.33936208,-0.013183449999999985,0.459902930608627
BBY,2025-05-29,2025-06-20,22,0.35596347,0.32373723,-0.03222624000000002,0.4715008282571906
BBY,2025-05-29,2025-06-13,15,0.34131518,0.43897045,0.09765527000000002,0.5233948822320081
BBY,2025-05-29,2025-06-06,8,0.39697868,0.36475244,-0.03222623999999996,0.5952292825037176
BBY,2025-05-29,2025-05-30,1,0.49707535,0.42676353,-0.07031182000000002,0.8405516759856679
SN,2025-05-08,2025-06-20,43,0.5135547,0.48206085,-0.031493850000000045,0.5732740997001081
SN,2025-05-08,2025-05-16,8,0.59302163,0.63476926,0.041747630000000036,0.7563578998476428
WWD,2025-04-28,2025-05-16,18,0.4199277,0.34424484,-0.07568286000000002,0.14241491687756305
ALAB,2025-05-06,2025-06-13,38,0.7280301,0.69018865,-0.037841450000000054,0.6081220506584494
TER,2025-04-28,2025-07-18,81,0.56421334,0.54382783,-0.020385509999999996,0.39144105219181113
TER,2025-04-28,2025-06-20,53,0.47376016,0.50098157,0.02722141,0.3960990936632549
TER,2025-04-28,2025-05-16,18,0.6257362,0.64990586,0.02416965999999998,0.38278861039397194
WES,2025-05-07,2025-06-20,44,0.31055376,0.26709718,-0.04345658000000002,0.22013156225916014
WES,2025-05-07,2025-05-16,9,0.3183662,0.24512474,-0.07324145999999998,0.2032599950719398
TXT,2025-04-24,2025-09-19,148,0.3602359,0.3443669,-0.015869000000000022,0.2419034521219752
FTI,2025-04-24,2025-07-18,85,0.42383388,0.48511258,0.06127870000000002,0.32768897875477804
KIM,2025-05-01,2025-06-20,50,0.30078825,0.25879648,-0.041991769999999984,0.2605837647721535
KIM,2025-05-01,2025-05-16,15,0.37305313,0.38477176,0.011718630000000008,0.3080106661495699
COO,2025-05-29,2025-07-18,50,0.40662214,0.3717104,-0.034911740000000024,0.6707001711124081
COO,2025-05-29,2025-06-20,22,0.500005,0.26514408,-0.23486092000000003,0.6915540378507704
TKO,2025-05-08,2025-06-20,43,0.36896384,0.47400427,0.10504043000000002,0.3031191734590207
TKO,2025-05-08,2025-05-16,8,0.6745638,0.37744763,-0.29711617000000007,0.4098257290491879
BJ,2025-05-22,2025-07-18,57,0.33795828,0.36524072,0.02728244000000002,0.25221689845200473
BJ,2025-05-22,2025-06-20,29,0.3254462,0.33203793,0.006591729999999962,0.21017223667814938
UNM,2025-04-29,2025-05-16,17,0.44336495,0.32276067,-0.12060427999999995,0.21138863075037465
HOLX,2025-05-01,2025-06-20,50,0.41138285,0.30982137,-0.10156148000000004,0.5322777688965392
HOLX,2025-05-01,2025-05-16,15,0.65674174,0.4321346,-0.22460713999999998,0.471764960225311
AVY,2025-04-23,2025-06-20,58,0.5056202,0.24243921,-0.26318098999999995,0.24333046563372573
ZTO,2025-05-20,2025-07-18,59,0.46387255,0.42871666,-0.03515588999999997,0.31602127383666406
ZTO,2025-05-20,2025-06-20,31,0.5312547,0.42188078,-0.10937391999999996,0.32125639155059144
ALGN,2025-04-30,2025-05-30,30,0.5524947,0.865724,0.31322930000000004,0.41729254473251093
ALGN,2025-04-30,2025-05-16,16,0.49902844,0.4383601,-0.06066834000000004,0.3938257535461973
ALGN,2025-04-30,2025-05-09,9,0.5190478,0.52026844,0.001220640000000106,0.4777330936919019
ALGN,2025-04-30,2025-05-02,2,1.6718767,0.26905027,-1.4028264300000002,0.4020600337668889
APG,2025-05-01,2025-05-16,15,0.4130918,0.45117736,0.03808556000000002,0.3731220512432335
ULS,2025-05-06,2025-06-20,45,0.48242706,0.37451798,-0.10790908000000005,0.3831084226701201
COHR,2025-05-07,2025-06-20,44,0.597172,0.6328162,0.035644200000000015,0.48248840042771685
COHR,2025-05-07,2025-05-30,23,0.6350134,0.639652,0.004638600000000048,0.536698360729555
COHR,2025-05-07,2025-05-16,9,0.5332078,0.9521489,0.41894109999999996,0.6110238274931241
COHR,2025-05-07,2025-05-09,2,1.4296904,0.5449264,-0.8847639999999999,0.17951001483672108
H,2025-05-01,2025-06-20,50,0.39673454,0.39197385,-0.004760690000000012,0.3265523049699885
H,2025-05-01,2025-05-16,15,0.25464612,0.52063465,0.26598853,0.3773984863312523
BLDR,2025-05-01,2025-06-20,50,0.51916987,0.46106496,-0.05810491000000001,0.5295256662941679
BLDR,2025-05-01,2025-05-16,15,0.52563953,0.5114795,-0.01416002999999999,0.636075936334499
PFGC,2025-05-07,2025-06-20,44,0.44800356,0.3273993,-0.12060426000000002,0.23758509435313185
PFGC,2025-05-07,2025-05-16,9,0.52100086,0.37891245,-0.14208841,0.2704558432583783
WPC,2025-04-29,2025-06-20,52,0.27954823,0.27783924,-0.0017089900000000213,0.15861913394520344
WPC,2025-04-29,2025-05-16,17,0.30957723,0.2710034,-0.038573829999999976,0.19610335839674348
LOGI,2025-04-29,2025-06-20,52,0.41748628,0.38379523,-0.03369105,0.33910593566060526
LOGI,2025-04-29,2025-05-16,17,0.5490768,0.3708559,-0.17822090000000002,0.4324112616662833
SOLV,2025-05-08,2025-05-16,8,0.36865866,0.41846284,0.049804179999999976,0.6571123110750196
MTZ,2025-05-01,2025-06-20,50,0.5329026,0.45117736,-0.08172523999999998,0.28883159932209335
MTZ,2025-05-01,2025-05-16,15,0.50745124,0.50928223,0.0018309899999999768,0.3014634035324524
BAH,2025-05-23,2025-06-20,28,0.45947805,0.37110004,-0.08837801,0.7002879993428052
JNPR,2025-05-01,2025-06-20,50,0.18360192,0.32080758,0.13720565999999998,0.06498786603237389
JNPR,2025-05-01,2025-05-16,15,0.20166814,0.24219508,0.04052694000000001,0.09237006656258794
ARE,2025-04-28,2025-05-16,18,0.45313048,0.44775942,-0.005371059999999983,0.3508610564026755
INCY,2025-04-29,2025-06-20,52,0.3930725,0.41211525,0.019042749999999997,0.3119115933424913
INCY,2025-04-29,2025-05-16,17,0.3330145,0.49512222,0.16210772,0.34367336639031026
JKHY,2025-05-06,2025-05-16,10,0.31787792,0.2653882,-0.05248971999999996,0.2735358148401894
ENTG,2025-05-07,2025-06-20,44,0.52148914,0.629032,0.10754286000000002,0.542034513220761
ENTG,2025-05-07,2025-05-16,9,0.65332377,0.51758295,-0.13574081999999998,0.6300481678158649
BEN,2025-05-02,2025-06-20,49,0.31104204,0.31250688,0.0014648399999999673,0.2750741647129786
BEN,2025-05-02,2025-05-16,14,0.29004616,0.3076241,0.017577940000000014,0.32953037451578143
BWXT,2025-05-05,2025-06-20,46,0.38599247,0.47144082,0.08544835,0.3553231446287995
BWXT,2025-05-05,2025-05-16,11,0.55737746,0.71216106,0.15478360000000002,0.21698097998172838
PAYC,2025-05-07,2025-06-20,44,0.28803203,0.35895416,0.07092213000000003,0.33984757957597594
PAYC,2025-05-07,2025-05-16,9,0.7626977,0.4609429,-0.30175480000000005,0.4788808473946445
PAA,2025-05-09,2025-06-13,35,0.2724682,0.33399102,0.061522820000000034,0.26305990056233863
PAA,2025-05-09,2025-06-06,28,0.28028065,0.24512474,-0.03515591000000001,0.2893517012545308
PAA,2025-05-09,2025-05-30,21,0.2929758,0.31055376,0.017577960000000004,0.28780385549589005
PAA,2025-05-09,2025-05-23,14,0.32422552,0.30469444,-0.01953107999999998,0.31844200181463905
PAA,2025-05-09,2025-05-16,7,0.5761761,0.41602147,-0.16015462999999996,0.41146354835914245
HLI,2025-05-07,2025-06-20,44,0.37586072,0.3261786,-0.049682119999999996,0.24888027595519022
ROKU,2025-05-01,2025-06-20,50,0.68933415,0.53418434,-0.15514980999999994,0.5674861324265463
ROKU,2025-05-01,2025-05-30,29,0.768557,0.5183154,-0.25024160000000006,0.6315667783732231
ROKU,2025-05-01,2025-05-23,22,0.78418183,0.5051319,-0.27904993,0.6928663031528083
ROKU,2025-05-01,2025-05-16,15,0.913331,0.57764095,-0.33569004999999996,0.8046559227422871
ROKU,2025-05-01,2025-05-09,8,1.1582073,0.52002436,-0.63818294,0.579345937264144
ROKU,2025-05-01,2025-05-02,1,2.1650436,0.40625593,-1.7587876700000002,0.8466719563567618
YPF,2025-05-07,2025-06-20,44,0.5634809,0.500005,-0.06347589999999992,0.4834576098180962
YPF,2025-05-07,2025-05-16,9,0.70117486,0.62109756,-0.0800772999999999,0.5990026919410336
NBIX,2025-05-05,2025-05-16,11,0.7910177,0.53247535,-0.25854235000000003,0.6219089198388752
ALLE,2025-04-24,2025-09-19,148,0.2821727,0.31592482,0.03375212,0.30545586530213853
ITT,2025-05-01,2025-05-16,15,0.46899945,0.4459284,-0.023071049999999982,0.2368426141870205
YMM,2025-05-21,2025-06-20,30,0.5390671,0.48438016,-0.05468694000000002,0.3735391641150897
STN,2025-05-14,2025-05-16,2,0.79297084,1.1503949,0.35742406000000004,0.39188243696951686
NDSN,2025-05-28,2025-07-18,51,0.3717104,0.27326167,-0.09844872999999998,0.34103523297630006
NDSN,2025-05-28,2025-06-20,23,0.35657382,0.3261786,-0.03039522,0.34860628661015075
TXRH,2025-05-08,2025-06-27,50,0.27289546,0.2559889,-0.01690655999999996,0.34931401739327983
TXRH,2025-05-08,2025-06-20,43,0.39526972,0.28296617,-0.11230354999999997,0.3463384065979722
TXRH,2025-05-08,2025-06-06,29,0.43750563,0.32477483,-0.11273079999999996,0.32941807839177334
TXRH,2025-05-08,2025-05-30,22,0.48193878,0.27735096,-0.20458782000000003,0.3581133237190469
TXRH,2025-05-08,2025-05-16,8,0.5390671,0.35571933,-0.18334777000000002,0.35822255087444044
TXRH,2025-05-08,2025-05-09,1,0.7607446,0.61670303,-0.14404156999999995,0.44064085390436947
CLH,2025-04-30,2025-06-20,51,0.3947204,0.32337102,-0.07134938000000002,0.1471054302440572
CLH,2025-04-30,2025-05-16,16,0.4467829,0.32092965,-0.12585324999999997,0.15930531790965174
JHX,2025-05-20,2025-06-20,31,0.71094036,0.8369157,0.12597534,0.6037738068027105
MMYT,2025-05-14,2025-06-20,37,0.5034229,0.477056,-0.026366900000000026,0.3910785509895095
MMYT,2025-05-14,2025-05-16,2,0.7158232,0.54297334,-0.17284986000000002,0.14583475728215836
JLL,2025-05-07,2025-06-20,44,0.47412634,0.41406837,-0.06005796999999996,0.3035828109836484
CNA,2025-05-05,2025-05-16,11,0.851564,0.40039662,-0.45116738,0.1605501851565163
OC,2025-05-07,2025-05-16,9,0.5183154,0.53540504,0.017089640000000017,0.7767420202757245
NVT,2025-05-02,2025-06-20,49,0.52222157,0.47925326,-0.04296831000000001,0.35203577763583316
NVT,2025-05-02,2025-05-16,14,0.52783674,0.52100086,-0.006835880000000016,0.46241069970670834
CART,2025-05-01,2025-06-20,50,0.51758295,0.4648491,-0.05273384999999997,0.48971120972232635
CART,2025-05-01,2025-06-06,36,0.4526422,0.4877981,0.03515590000000002,0.5388500552024096
CART,2025-05-01,2025-05-30,29,0.49902844,0.4514215,-0.04760694000000004,0.5886471932559507
CART,2025-05-01,2025-05-23,22,0.425787,0.4423884,0.01660139999999999,0.6429715818899189
CART,2025-05-01,2025-05-16,15,0.7397487,0.44922426,-0.29052444000000005,0.7764452744306326
CART,2025-05-01,2025-05-09,8,0.8320329,0.46436083,-0.36767206999999996,0.9616992535388038
CART,2025-05-01,2025-05-02,1,1.4355497,0.34766278,-1.0878869199999999,1.4387607906495747
CNM,2025-06-10,2025-07-18,38,0.37036762,0.3881897,0.017822080000000018,0.231899877752082
CNM,2025-06-10,2025-06-20,10,0.57178164,0.916993,0.34521135999999997,0.19500364485993193
CPT,2025-05-01,2025-05-16,15,0.25366956,0.33106136,0.07739180000000001,0.31184903786041573
BXP,2025-04-29,2025-06-20,52,0.35510898,0.31665722,-0.03845176,0.27532074037548976
BXP,2025-04-29,2025-05-16,17,0.45313048,0.44482976,-0.008300719999999984,0.24156772612870964
LECO,2025-04-30,2025-06-20,51,0.40839216,0.37549454,-0.032897620000000016,0.2922918712158122
RVTY,2025-04-28,2025-06-20,53,0.5114795,0.36353177,-0.14794773,0.38888282579022704
RVTY,2025-04-28,2025-05-16,18,0.5576216,0.41455662,-0.14306498000000006,0.48859787252340703
ICLR,2025-04-30,2025-06-20,51,0.56134474,0.5396164,-0.021728340000000013,0.42375680950902606
ICLR,2025-04-30,2025-05-16,16,0.687381,0.53735816,-0.15002284,0.5030313354567396
UHS,2025-04-28,2025-05-16,18,0.49512222,0.3662173,-0.12890491999999998,0.35804487209729624
RGLD,2025-05-07,2025-06-20,44,0.30200893,0.34760174,0.045592809999999984,0.37478498876351507
RGLD,2025-05-07,2025-05-16,9,0.52515125,0.5190478,-0.00610345000000001,0.5306447334442529
SWKS,2025-05-07,2025-06-20,44,0.44336495,0.39111936,-0.05224558999999995,0.3124480897896503
SWKS,2025-05-07,2025-05-16,9,0.6337927,0.50928223,-0.12451047000000004,0.37760606534965896
NLY,2025-04-30,2025-06-20,51,0.30957723,0.3037179,-0.005859329999999996,0.1908579770075011
NLY,2025-04-30,2025-05-30,30,0.30078825,0.28223374,-0.01855450999999997,0.20627566985712215
NLY,2025-04-30,2025-05-23,23,0.29199928,0.28125718,-0.010742100000000032,0.21775050362894147
NLY,2025-04-30,2025-05-16,16,0.4091856,0.31641307,-0.09277252999999996,0.1361184456960476
NLY,2025-04-30,2025-05-09,9,0.2851634,0.28613997,0.00097657000000001,0.10905094515132388
NLY,2025-04-30,2025-05-02,2,0.31641307,0.49219257,0.17577949999999998,0.06513576745189369
MRNA,2025-05-01,2025-06-20,50,0.69726866,0.76758045,0.07031178999999999,0.6909962871751771
MRNA,2025-05-01,2025-06-06,36,0.5957072,0.7431666,0.14745940000000002,0.7338113422056257
MRNA,2025-05-01,2025-05-30,29,0.63476926,0.9521489,0.31737963999999996,0.7777597412092679
MRNA,2025-05-01,2025-05-23,22,0.6367224,0.8574233,0.22070089999999998,0.8462869640929317
MRNA,2025-05-01,2025-05-16,15,0.6865266,0.58789474,-0.09863186000000002,0.8164044060492971
MRNA,2025-05-01,2025-05-09,8,0.65625346,0.574223,-0.08203045999999992,0.8497592789207984
MRNA,2025-05-01,2025-05-02,1,0.9023447,0.101571485,-0.800773215,0.8484947564999217
FTAI,2025-04-30,2025-05-16,16,0.7558618,0.7417018,-0.014160000000000061,1.2492087316982436
FTAI,2025-04-30,2025-05-09,9,0.94091856,0.95751995,0.01660139000000005,1.6389615917880984
FTAI,2025-04-30,2025-05-02,2,1.161137,1.2246133,0.06347629999999982,2.032656888637555
JEF,2025-06-25,2025-07-18,23,0.3818421,0.37061176,-0.011230340000000005,
MGA,2025-05-02,2025-06-20,49,0.31543654,0.33545586,0.020019320000000007,0.32100299524342246
MGA,2025-05-02,2025-05-16,14,0.41406837,0.38135386,-0.03271451000000003,0.39142976724467643
SCI,2025-04-30,2025-06-20,51,0.32556826,0.2800365,-0.04553175999999998,0.1889246418586269
SCI,2025-04-30,2025-05-16,16,0.41577733,0.2768627,-0.13891462999999998,0.2808131711665403
CHRW,2025-04-30,2025-06-20,51,0.32507998,0.31153032,-0.013549659999999963,0.2681509422027999
CHRW,2025-04-30,2025-05-16,16,0.4355525,0.31104204,-0.12451045999999999,0.36810560182413854
AR,2025-04-30,2025-06-20,51,0.4794974,0.45703667,-0.02246073000000004,0.35303616918866815
AR,2025-04-30,2025-05-23,23,0.67285484,0.50488776,-0.16796707999999994,0.3545694199146709
AR,2025-04-30,2025-05-16,16,0.5380905,0.6840852,0.14599469999999992,0.4101451330115879
AR,2025-04-30,2025-05-09,9,0.58105886,0.46387255,-0.11718630999999996,0.4318948773819512
AR,2025-04-30,2025-05-02,2,0.7558618,0.51172364,-0.24413816,
TOL,2025-05-20,2025-07-18,59,0.41846284,0.35645175,-0.06201108999999999,0.333038604418579
TOL,2025-05-20,2025-06-27,38,0.4533746,0.38098764,-0.07238696,0.333038604418579
TOL,2025-05-20,2025-06-13,24,0.48169464,0.4502008,-0.031493839999999995,0.3083043584681285
TOL,2025-05-20,2025-06-06,17,0.34253588,0.34888345,0.006347569999999969,0.2948799709220997
TOL,2025-05-20,2025-05-30,10,0.57373476,0.35596347,-0.21777129,0.31625005940851886
TOL,2025-05-20,2025-05-23,3,0.8129901,0.3842835,-0.42870660000000005,0.11858756327740914
SNX,2025-06-24,2025-07-18,24,0.36694968,0.22266403,-0.14428565,
HST,2025-04-30,2025-06-20,51,0.41895112,0.38281867,-0.03613244999999998,0.33138514869353247
HST,2025-04-30,2025-05-16,16,0.40234974,0.40625593,0.003906189999999976,0.33214905885005197
AKAM,2025-05-08,2025-06-20,43,0.48999533,0.3867249,-0.10327043000000002,0.4351858705537335
AKAM,2025-05-08,2025-05-30,22,0.5896037,0.3549869,-0.23461679999999996,0.5766359767013971
AKAM,2025-05-08,2025-05-23,15,0.6928742,0.42236906,-0.27050514,0.6294638461940637
AKAM,2025-05-08,2025-05-16,8,0.8671888,0.31616893,-0.55101987,0.8027181664735594
AKAM,2025-05-08,2025-05-09,1,1.9794923,0.6796907,-1.2998016,1.6215476703946394
PR,2025-05-07,2025-05-16,9,0.7187528,0.40039662,-0.31835618,0.6223506624880534
UHAL,2025-05-28,2025-06-20,23,0.35108072,0.708499,0.35741828,0.2374760035923122
SF,2025-04-23,2025-05-16,23,0.6518589,0.43018147,-0.22167743,0.3793547881701011
CR,2025-04-28,2025-06-20,53,0.43433183,0.36029693,-0.07403489999999996,0.2868216165060103
CR,2025-04-28,2025-05-16,18,0.4886526,0.5308885,0.04223589999999999,0.300763553744954
SJM,2025-06-10,2025-07-18,38,0.32495794,0.24793233,-0.07702561,0.9358541154633676
SJM,2025-06-10,2025-06-20,10,0.39160764,0.36524072,-0.02636691999999996,0.9926893697153095
BMRN,2025-05-01,2025-05-16,15,0.477056,0.39160764,-0.08544836,0.33778683434482976
SWK,2025-04-30,2025-07-18,79,0.42444423,0.38013315,-0.04431108,0.5174405686511951
SWK,2025-04-30,2025-06-20,51,0.49194843,0.3452214,-0.14672702999999998,0.5232283653516652
SWK,2025-04-30,2025-05-16,16,0.50781745,0.5913127,0.08349525000000002,0.7483247919039228
VTRS,2025-05-08,2025-06-20,43,0.52344227,0.41016215,-0.11328011999999998,0.40795739469012143
VTRS,2025-05-08,2025-05-16,8,0.62500376,1.1562542,0.53125044,0.5647127578584769
OHI,2025-05-01,2025-06-20,50,0.20117986,0.18116054,-0.02001931999999998,0.26729466937542284
OHI,2025-05-01,2025-05-16,15,0.26270267,0.14698118,-0.11572149000000004,0.34405601120771834
PCOR,2025-05-01,2025-05-16,15,0.6811555,0.47168496,-0.20947054000000004,0.6012266414429743
PPC,2025-04-30,2025-05-16,16,0.4462946,0.46777877,0.021484170000000025,0.76107945879478
DVA,2025-05-12,2025-06-20,39,0.5238085,0.34131518,-0.18249332000000001,0.2107790991664274
DVA,2025-05-12,2025-05-16,4,0.9238289,0.56250435,-0.36132454999999997,0.32435868316436356
NICE,2025-05-15,2025-07-18,64,0.38281867,0.43433183,0.05151315999999995,0.37901255405892914
NICE,2025-05-15,2025-06-20,36,0.39905387,0.36328763,-0.035766240000000005,0.38789534147252464
NICE,2025-05-15,2025-05-16,1,0.5339402,0.528325,-0.005615199999999931,0.7276805865938978
AFG,2025-05-06,2025-05-16,10,0.5183154,0.78418183,0.26586643,0.41089771440618283
ATR,2025-05-01,2025-05-16,15,0.37256488,0.40430284,0.03173796000000001,0.18686586741414812
KMX,2025-06-20,2025-07-18,28,0.3298407,0.36548486,0.035644160000000036,0.9305970427171241
FN,2025-05-05,2025-05-16,11,0.85339504,0.5097705,-0.34362454,0.6366192161932837
GME,2025-06-10,2025-07-25,45,0.8601088,0.6425817,-0.21752709999999997,3.0742679695020847
GME,2025-06-10,2025-07-18,38,0.81152534,0.5981485,-0.21337684,3.0742679695020847
GME,2025-06-10,2025-07-11,31,0.8393571,0.6459996,-0.19335749999999996,3.0742679695020847
GME,2025-06-10,2025-07-03,23,0.84668124,0.59375405,-0.25292718999999997,3.0742679695020847
GME,2025-06-10,2025-06-27,17,0.916993,0.5722699,-0.34472309999999995,3.0742679695020847
GME,2025-06-10,2025-06-20,10,0.9609379,0.5419968,-0.41894110000000007,3.0742679695020847
GME,2025-06-10,2025-06-13,3,1.381839,0.61523825,-0.76660075,3.3957442562330717
CX,2025-04-28,2025-07-18,81,0.44141182,0.41211525,-0.029296570000000022,0.5971375122197137
CX,2025-04-28,2025-06-20,53,0.40820906,0.36328763,-0.04492143000000004,0.606366508625003
CX,2025-04-28,2025-05-16,18,0.45703667,0.3945373,-0.06249937,0.9179461067599762
XP,2025-05-20,2025-07-18,59,0.4423884,0.43457597,-0.007812430000000037,0.29119512334425834
XP,2025-05-20,2025-06-20,31,0.4091856,0.3593814,-0.049804199999999965,0.29119512334425834
XP,2025-05-20,2025-05-30,10,0.5800823,0.36328763,-0.21679467000000008,0.2024758859780587
XP,2025-05-20,2025-05-23,3,0.8320329,0.31250688,-0.51952602,0.06984388814272853
WLK,2025-05-02,2025-06-20,49,0.5976603,0.33386898,-0.26379132000000005,0.5711193375459863
OVV,2025-05-06,2025-05-16,10,0.52441883,0.43457597,-0.08984286000000002,0.48183560761167027
EPAM,2025-05-08,2025-06-20,43,0.39777213,0.41577733,0.0180052,0.47731717145697605
EPAM,2025-05-08,2025-05-16,8,0.39160764,0.4692436,0.07763596,0.85219851230055
WTRG,2025-05-12,2025-06-20,39,0.43457597,0.51758295,0.08300698000000001,0.2779432193509822
MGM,2025-04-30,2025-06-20,51,0.50146985,0.425787,-0.07568284999999997,0.371336831819485
MGM,2025-04-30,2025-05-16,16,0.5869182,0.43457597,-0.15234222999999997,0.402524556661378
MGM,2025-04-30,2025-05-09,9,0.4941457,0.41211525,-0.08203045000000003,0.35040798121603184
MGM,2025-04-30,2025-05-02,2,1.0605515,0.4589898,-0.6015617000000001,0.4662859947294724
HTHT,2025-05-20,2025-06-20,31,0.5703168,0.4086973,-0.16161949999999997,0.24171289278799984
EXAS,2025-05-01,2025-06-20,50,0.6472203,0.50415534,-0.14306496000000002,0.3763471931693361
EXAS,2025-05-01,2025-05-16,15,0.69775695,0.5205126,-0.17724435000000005,0.471638065003754
RRX,2025-05-05,2025-06-20,46,0.5022023,0.5415085,0.03930619999999996,0.5147109526268812
RRX,2025-05-05,2025-05-16,11,0.74853766,0.49951673,-0.24902092999999997,0.7372052438093561
CAVA,2025-05-15,2025-06-20,36,0.59741616,0.50415534,-0.09326082000000002,0.3722180613850498
CAVA,2025-05-15,2025-06-13,29,0.69726866,0.52100086,-0.17626779999999997,0.39740829101492836
CAVA,2025-05-15,2025-06-06,22,0.70117486,0.51758295,-0.18359190999999997,0.4025381767820844
CAVA,2025-05-15,2025-05-30,15,0.72851837,0.5109912,-0.21752717,0.4158857444326523
CAVA,2025-05-15,2025-05-23,8,0.87036264,0.522954,-0.34740863999999994,0.4974763661237554
CAVA,2025-05-15,2025-05-16,1,1.6660173,0.63769895,-1.0283183500000002,0.2036384261047398
TAP,2025-05-08,2025-06-20,43,0.25293717,0.30420616,0.051268990000000014,0.22243219185469906
TAP,2025-05-08,2025-05-16,8,0.31348342,0.4277401,0.11425668,0.3296279494463613
BLD,2025-05-06,2025-06-20,45,0.49774674,0.45328304,-0.044463699999999995,0.39594179690371045
BLD,2025-05-06,2025-05-16,10,0.5288133,0.65039414,0.12158083999999991,0.46015451373888916
CUBE,2025-05-01,2025-06-20,50,0.3549869,0.34033862,-0.014648280000000014,0.2227283528065384
CUBE,2025-05-01,2025-05-16,15,0.28028065,0.7412135,0.46093284999999995,0.2646324539162855
WBA,2025-06-26,2025-07-11,15,0.19922675,0.21875781,0.01953105999999999,
WBA,2025-06-26,2025-07-03,7,0.27735096,0.36719382,0.08984286000000002,
WBA,2025-06-26,2025-06-27,1,0.12500875,0.56250435,0.4374956,
HII,2025-05-01,2025-06-20,50,0.36579004,0.31781688,-0.04797315999999996,0.19653292249426665
HII,2025-05-01,2025-05-16,15,0.4115049,0.408087,-0.0034179000000000292,0.20623714712380312
UWMC,2025-05-06,2025-06-20,45,0.62109756,0.554692,-0.06640556000000009,0.6968719995472885
UWMC,2025-05-06,2025-06-13,38,0.62890995,0.500005,-0.12890495000000002,0.7042965268787547
UWMC,2025-05-06,2025-06-06,31,0.5507857,0.59375405,0.04296834999999999,0.7309535795310217
UWMC,2025-05-06,2025-05-30,24,0.62500376,0.6328162,0.007812440000000032,0.7442829745032917
UWMC,2025-05-06,2025-05-23,17,0.5976603,0.71094036,0.11328006000000002,0.8303512478749763
AOS,2025-04-29,2025-07-18,80,0.28845927,0.3818421,0.09338283000000003,0.3024092087621162
AOS,2025-04-29,2025-06-20,52,0.30225307,0.5075733,0.20532023,0.30069463195359225
AOS,2025-04-29,2025-05-16,17,0.27149165,0.37061176,0.09912011000000004,0.27183727764315624
TTEK,2025-05-07,2025-06-20,44,0.46460497,0.47461462,0.010009649999999981,0.38614315395749027
TTEK,2025-05-07,2025-05-16,9,0.6406286,1.0468798,0.4062511999999999,0.6830461132015503
AVTR,2025-04-25,2025-06-20,56,0.5312547,0.6933624,0.16210770000000008,0.6648680518267044
AVTR,2025-04-25,2025-05-16,21,0.5761761,0.5058643,-0.07031179999999992,0.8893592461311094
IPG,2025-04-24,2025-07-18,85,0.7568384,0.6994659,-0.05737250000000005,0.2943040600557616
IPG,2025-04-24,2025-05-16,22,1.0742234,0.425787,-0.6484363999999999,0.2601217249977332
CPB,2025-06-02,2025-07-18,46,0.2807689,0.26172614,-0.019042759999999992,0.14265795129030218
CPB,2025-06-02,2025-07-03,31,0.4335994,0.29590547,-0.13769393000000002,0.14265795129030218
CPB,2025-06-02,2025-06-27,25,0.35205725,0.3017648,-0.05029244999999999,0.14265795129030218
CPB,2025-06-02,2025-06-20,18,0.31250688,0.30225307,-0.010253809999999974,0.14167628176177974
CPB,2025-06-02,2025-06-13,11,0.35254553,0.32276067,-0.02978485999999997,0.14580220420550394
CPB,2025-06-02,2025-06-06,4,0.3554752,0.32129586,-0.03417934,0.09300816600041012
NYT,2025-05-07,2025-06-20,44,0.2724682,0.34693035,0.07446215,0.17695850003138663
WMS,2025-05-15,2025-06-20,36,0.36426416,0.35083658,-0.013427579999999995,0.40097337497235946
WMS,2025-05-15,2025-05-16,1,0.32520205,0.8906261,0.56542405,0.7937178652021831
ESTC,2025-05-29,2025-07-18,50,0.6945831,0.44287667,-0.25170643000000004,0.6985787159827527
ESTC,2025-05-29,2025-06-20,22,0.8676771,0.43774977,-0.42992733,0.6985787159827527
WIX,2025-05-21,2025-07-18,58,0.46069875,0.4441584,-0.01654034999999998,0.7020960231001979
WIX,2025-05-21,2025-06-20,30,0.47131875,0.57605404,0.10473529000000004,0.7199556116069391
WING,2025-04-30,2025-06-20,51,0.4335994,0.4370784,0.0034789999999999544,0.5406894521283894
WING,2025-04-30,2025-05-16,16,0.4226132,0.48169464,0.059081439999999985,0.7126183558986804
GNRC,2025-04-30,2025-06-20,51,0.42664146,0.44885805,0.022216590000000036,0.3562390996138297
GNRC,2025-04-30,2025-05-16,16,0.4067442,0.44263253,0.035888330000000024,0.40435797567533094
BIRK,2025-05-15,2025-06-20,36,0.41333595,0.3483952,-0.06494074999999999,0.34043422658205513
BIRK,2025-05-15,2025-05-16,1,0.8320329,0.7871115,-0.0449214,0.8407430059144704
DSGX,2025-06-04,2025-07-18,44,0.2966379,0.2828441,-0.013793800000000023,0.6400407161462516
DSGX,2025-06-04,2025-06-20,16,0.3613345,0.26001716,-0.10131733999999998,0.6570590379147472
CFLT,2025-04-30,2025-07-18,79,0.74975836,0.5346726,-0.2150857599999999,0.8256416706811729
CFLT,2025-04-30,2025-06-20,51,0.85009915,0.6015665,-0.24853265000000002,0.8256416706811729
CFLT,2025-04-30,2025-05-16,16,1.0673875,0.6328162,-0.4345712999999999,1.210719245567229
FND,2025-05-01,2025-06-20,50,0.47253945,0.4941457,0.021606249999999994,0.463998401334788
FND,2025-05-01,2025-05-16,15,0.70410454,0.49072775,-0.21337678999999998,0.5387846327604066
VFS,2025-06-09,2025-07-18,39,0.54687953,0.5312547,-0.015624830000000034,0.38606182926045685
VFS,2025-06-09,2025-06-13,4,0.5156298,0.648441,0.13281120000000002,
LNW,2025-05-07,2025-05-16,9,0.56543404,0.64111686,0.07568282000000004,1.0082027005245124
TECH,2025-05-07,2025-05-16,9,2.666019,0.56836367,-2.09765533,0.7250969861614572
FRT,2025-05-08,2025-06-20,43,0.2642896,0.27124754,0.006957939999999996,0.25025391943242065
FRT,2025-05-08,2025-05-16,8,0.6015665,0.41895112,-0.18261538,0.38488293564209225
DINO,2025-05-01,2025-06-20,50,0.39551386,0.4296932,0.03417934,0.3270573370550517
DINO,2025-05-01,2025-05-16,15,0.44336495,0.5127002,0.06933525000000007,0.3131192891455286
DCI,2025-06-03,2025-06-20,17,0.58984786,0.22754678,-0.36230108,0.12184026355494681
QRVO,2025-04-29,2025-08-15,108,0.50330085,0.48511258,-0.018188270000000006,0.47854755514367076
QRVO,2025-04-29,2025-05-16,17,0.76294184,0.42310148,-0.33984036,0.6906287750067722
SIRI,2025-05-01,2025-06-20,50,0.43018147,0.34766278,-0.08251869,0.42451402275755795
SIRI,2025-05-01,2025-06-06,36,0.47070843,0.42188078,-0.04882765,0.4478759905163831
SIRI,2025-05-01,2025-05-30,29,0.32520205,0.3662173,0.04101525,0.47999081280422373
SIRI,2025-05-01,2025-05-23,22,0.45801324,0.5390671,0.08105386000000003,0.5005169549200114
SIRI,2025-05-01,2025-05-16,15,0.3574283,0.31445998,-0.042968320000000004,0.574689685133665
SIRI,2025-05-01,2025-05-09,8,0.48633325,0.5332078,0.046874550000000015,0.7585250988287275
SIRI,2025-05-01,2025-05-02,1,0.56250435,1.7812511,1.21874675,1.5990695083281714
AES,2025-05-01,2025-06-20,50,0.51758295,0.47461462,-0.04296833,0.6565855654636328
AES,2025-05-01,2025-06-06,36,0.5312547,0.5039112,-0.027343499999999965,0.7170236083595868
AES,2025-05-01,2025-05-30,29,0.5156298,0.38965455,-0.12597525000000004,0.7410720991514541
AES,2025-05-01,2025-05-23,22,0.47852084,0.48633325,0.007812409999999992,0.777873310752242
AES,2025-05-01,2025-05-16,15,0.6074258,0.55664504,-0.05078075999999998,0.4968019933301187
AES,2025-05-01,2025-05-09,8,0.66406584,0.5058643,-0.15820153999999997,0.3607184118363259
AES,2025-05-01,2025-05-02,1,1.2421913,0.9375006,-0.3046907,
HESM,2025-04-30,2025-05-16,16,0.27637443,0.43945873,0.16308430000000002,0.2628156541043418
GMED,2025-05-08,2025-05-16,8,0.6980011,0.8701185,0.17211739999999998,2.3983685374370496
PSN,2025-04-30,2025-06-20,51,0.46338427,0.45874566,-0.0046386099999999875,0.35781153217024053
PSN,2025-04-30,2025-05-16,16,0.43066975,0.39990833,-0.03076142000000004,0.417571933727462
ALB,2025-04-30,2025-05-16,16,0.61230856,0.61523825,0.002929689999999985,0.40811777657298914
ALB,2025-04-30,2025-05-09,9,0.6508824,0.6279334,-0.022948999999999997,0.3625560817747796
ALB,2025-04-30,2025-05-02,2,0.7441432,0.53027815,-0.21386505,0.21038901271163649
SAIA,2025-04-25,2025-09-19,147,0.71371746,0.64163566,-0.07208179999999997,1.0706954465860126
SAIA,2025-04-25,2025-06-20,56,0.6638217,0.68744206,0.023620360000000007,1.0739329860157851
SAIA,2025-04-25,2025-05-16,21,0.71631145,0.6275672,-0.08874424999999997,1.634954176582622
CRL,2025-05-07,2025-06-20,44,0.47803256,0.43189046,-0.04614210000000002,0.5932654082708451
CRL,2025-05-07,2025-05-16,9,0.50659674,0.4960988,-0.010497939999999983,1.006462084366097
NIO,2025-06-03,2025-07-18,45,0.59375405,0.6367224,0.04296834999999999,0.3079997080912757
NIO,2025-06-03,2025-07-11,38,0.26563233,0.71094036,0.44530803,0.3079997080912757
NIO,2025-06-03,2025-07-03,30,0.574223,0.6171913,0.04296829999999996,0.3079997080912757
NIO,2025-06-03,2025-06-27,24,0.5859416,0.5976603,0.011718700000000082,0.3079997080912757
NIO,2025-06-03,2025-06-20,17,0.60937893,0.5859416,-0.023437330000000034,0.32791569653430996
NIO,2025-06-03,2025-06-13,10,0.5703168,0.59375405,0.023437250000000076,0.48854959639995554
NIO,2025-06-03,2025-06-06,3,0.60937893,0.84375155,0.23437262000000003,0.34532134482465826
OLED,2025-05-01,2025-06-20,50,0.5681195,0.45239806,-0.11572144000000001,0.46269958578752196
OLED,2025-05-01,2025-05-16,15,0.7575708,0.5109912,-0.2465796,0.6243129442759672
BZ,2025-05-22,2025-07-18,57,0.54004365,0.47266153,-0.06738211999999999,0.40408269560257565
BZ,2025-05-22,2025-06-20,29,0.6445348,0.5595747,-0.08496009999999998,0.40408269560257565
INFA,2025-05-07,2025-06-20,44,0.6455113,0.5351609,-0.11035039999999996,0.6423043732337365
INFA,2025-05-07,2025-05-16,9,1.0976608,0.7089873,-0.3886735000000001,0.09774616185789972
ELF,2025-05-28,2025-07-18,51,0.7938253,0.6120644,-0.1817609,0.8689631541911453
ELF,2025-05-28,2025-07-03,36,0.84619296,0.5789837,-0.26720926,0.8689631541911453
ELF,2025-05-28,2025-06-27,30,0.90771574,0.58911544,-0.31860029999999995,0.8689631541911453
ELF,2025-05-28,2025-06-20,23,0.9226082,0.6074258,-0.3151824,0.8689631541911453
ELF,2025-05-28,2025-06-13,16,1.0993698,0.5554244,-0.5439454,0.955611747382776
ELF,2025-05-28,2025-06-06,9,1.2812536,0.55225056,-0.7290030400000002,1.1749385449109155
TTC,2025-06-05,2025-06-20,15,0.500005,0.22705851,-0.27294649000000004,0.4738089820726536
APA,2025-05-07,2025-06-20,44,0.5732465,0.5664106,-0.006835900000000006,0.43609708022739574
APA,2025-05-07,2025-05-16,9,0.72656524,0.51172364,-0.21484159999999997,0.5238457360109193
APA,2025-05-07,2025-05-09,2,0.7812522,0.5039112,-0.27734099999999995,0.5080704941818995
MKSI,2025-05-07,2025-07-18,72,0.50293463,0.54590297,0.04296833999999994,0.5429926522143903
BBWI,2025-05-29,2025-07-18,50,0.4321346,0.5097705,0.07763590000000004,0.5032904494902872
BBWI,2025-05-29,2025-07-11,43,0.41797456,0.4589898,0.04101524000000001,0.5032904494902872
BBWI,2025-05-29,2025-06-27,29,0.5097705,0.42481044,-0.08496006,0.5032904494902872
BBWI,2025-05-29,2025-06-20,22,0.42090422,0.35254553,-0.06835869,0.5124653482610334
BBWI,2025-05-29,2025-06-06,8,0.5507857,0.5156298,-0.03515590000000002,0.470796422811348
BBWI,2025-05-29,2025-05-30,1,0.24610129,0.40234974,0.15624845,0.5403415317750357
CE,2025-05-05,2025-06-20,46,0.72021765,0.53931123,-0.18090642,0.5010372208418742
CE,2025-05-05,2025-05-16,11,1.3715851,0.56738716,-0.8041979399999999,0.6794169421394961
BRKR,2025-05-07,2025-06-20,44,0.5043995,0.5185595,0.01415999999999995,0.49112067709266743
BRKR,2025-05-07,2025-05-16,9,0.41602147,0.71777624,0.30175476999999995,0.7626153172465694
TREX,2025-05-08,2025-07-18,71,0.48999533,0.44019115,-0.04980418000000003,0.4716208764782804
TREX,2025-05-08,2025-06-20,43,0.53369606,0.46069875,-0.07299731000000004,0.4716208764782804
TREX,2025-05-08,2025-05-16,8,0.53418434,0.4404353,-0.09374904000000006,0.5705983569498692
CZR,2025-04-29,2025-05-30,31,0.6367224,0.51123536,-0.12548704,0.3976492414568617
CZR,2025-04-29,2025-05-16,17,0.5908244,0.50293463,-0.08788976999999998,0.4014595536582394
CZR,2025-04-29,2025-05-09,10,0.5908244,0.49805188,-0.09277252000000002,0.3247985456137543
CZR,2025-04-29,2025-05-02,3,0.71387005,0.500005,-0.21386505,0.36992294454269353
KBR,2025-05-06,2025-06-20,45,0.5576216,0.38794556,-0.16967604000000003,0.36877644915341357
CROX,2025-05-08,2025-06-27,50,0.45947805,0.42041594,-0.03906211000000004,0.4911042208254094
CROX,2025-05-08,2025-06-20,43,0.43689528,0.40942973,-0.027465550000000005,0.5004414963967323
CROX,2025-05-08,2025-06-13,36,0.41455662,0.4581353,0.043578680000000036,0.500861517622916
CROX,2025-05-08,2025-06-06,29,0.44165596,0.4123594,-0.029296560000000027,0.5297164902924967
CROX,2025-05-08,2025-05-30,22,0.40234974,0.45679253,0.05444278999999996,0.5808879143611301
CROX,2025-05-08,2025-05-23,15,0.49585465,0.41809663,-0.07775801999999998,0.6243035647226765
CROX,2025-05-08,2025-05-16,8,0.7443873,0.5170947,-0.22729259999999996,0.7172875818688452
CROX,2025-05-08,2025-05-09,1,0.47656775,0.7607446,0.28417685,1.1406306059642326
ENPH,2025-04-22,2025-05-02,10,,0.611332,,1.0501039874114795
AMKR,2025-04-28,2025-09-19,144,0.5483444,0.5576216,0.009277200000000096,0.39565187575878763
AMKR,2025-04-28,2025-06-20,53,0.5258837,0.47656775,-0.04931594999999994,0.40159486752390905
AMKR,2025-04-28,2025-05-16,18,0.7187528,0.52441883,-0.19433396999999997,0.4498171966709093
TFX,2025-05-01,2025-05-16,15,0.83398604,0.8642592,0.03027316000000002,0.5154332335860636
LB,2025-05-07,2025-06-20,44,0.59253335,0.54004365,-0.05248969999999997,0.5541635279738347
LB,2025-05-07,2025-05-16,9,0.6835969,0.6782259,-0.005370999999999904,1.0179704971762231
ONTO,2025-05-08,2025-06-20,43,0.6101113,0.6257362,0.015624899999999942,1.1653413980971292
ONTO,2025-05-08,2025-05-16,8,0.74853766,0.90039164,0.15185398000000006,2.5000534950945044
ANF,2025-05-28,2025-07-18,51,0.61743546,0.54968715,-0.06774831000000003,0.7425111723186131
ANF,2025-05-28,2025-07-03,36,0.5439499,0.5564009,0.01245099999999999,0.7425111723186131
ANF,2025-05-28,2025-06-27,30,0.54297334,0.5998575,0.05688416000000007,0.7425111723186131
ANF,2025-05-28,2025-06-20,23,0.5778851,0.521245,-0.05664010000000008,0.7425111723186131
ANF,2025-05-28,2025-06-13,16,0.5595747,0.53101057,-0.02856413000000002,0.8446786634818151
ANF,2025-05-28,2025-06-06,9,0.60254306,0.6020548,-0.0004882600000000181,1.0321553687253426
ANF,2025-05-28,2025-05-30,2,0.69971,0.50195813,-0.19775187000000005,1.8041709157971946
PCVX,2025-05-07,2025-05-16,9,0.9375006,1.0752,0.13769939999999992,0.6738346585908164
